創業3年目ベンチャー！エンジニアで本気のコミットしたいあなたを待ってます！,https://www.wantedly.com/projects/537224
設立4年目のベンチャーでエンジニア組織の立ち上げメンバー募集！,https://www.wantedly.com/projects/468251
ベンチャーで腕を磨きたいエンジニア募集,https://www.wantedly.com/projects/159249
急成長ベンチャー企業で働く開発エンジニア！インターン募集です。,https://www.wantedly.com/projects/538974
社員数一桁ベンチャー！最新技術で開発したいReactエンジニア募集！,https://www.wantedly.com/projects/275834
ITベンチャー企業でハイレベルな仲間と０から急成長したいエンジニア募集！,https://www.wantedly.com/projects/370342
ベンチャーでは将来不安…でも3年で一流のエンジニアになれるとしたら…？,https://www.wantedly.com/projects/321531
100万商品を取り扱う越境ECベンチャーのWEBエンジニア募集！,https://www.wantedly.com/projects/9068
ベンチャーで一緒に成長していきたいエンジニアWanted！,https://www.wantedly.com/projects/73724
初の開発エンジニア募集！ベンチャー企業だからアナタのやりたいを可能に,https://www.wantedly.com/projects/339440
すごいベンチャー100に選ばれました！ Djangoシニアエンジニア募集！,https://www.wantedly.com/projects/507429
急成長ベンチャーで自社開発のSaaSサービスを創るエンジニア募集！＠大阪,https://www.wantedly.com/projects/475929
未経験からベンチャーで世界を舞台に！エンジニア積極採用中！,https://www.wantedly.com/projects/73792
将来のメガベンチャー企業におけるフロントエンドエンジニア,https://www.wantedly.com/projects/279365
ベンチャー企業でエンジニアとしてスキルアップしたい方大募集！！,https://www.wantedly.com/projects/398298
WEBディレクター募集！急成長するAIベンチャーのブランド創り,https://www.wantedly.com/projects/362589
ITベンチャー企業でスキルアップを目指すエンジニア経験者wanted!,https://www.wantedly.com/projects/500827
Webエンジニア｜ベンチャー企業で一緒に成長していきたい方募集！,https://www.wantedly.com/projects/535968
大手出身者多数在籍！ベンチャーでエンジニアとして圧倒的成長しませんか！？,https://www.wantedly.com/projects/492909
名古屋で HR Tech ベンチャーのフロントエンドエンジニアを募集！,https://www.wantedly.com/projects/193383
ボランティア募集サイト運営の創業期ベンチャーで事業を共に作るエンジニア募集,https://www.wantedly.com/projects/554454
大学発ベンチャーで働く！人の感性とＡＩを融合するエンジニア募集,https://www.wantedly.com/projects/562208
急成長VoiceTechベンチャー｜音声サービス開発を担うエンジニア募集,https://www.wantedly.com/projects/564237
M&A×AI！M&A特化のベンチャー企業でRailsによる自社サービス開発,https://www.wantedly.com/projects/499083
不動産業界に変革を起こす急成長ベンチャーでフロントエンドエンジニア募集！,https://www.wantedly.com/projects/438834
iOS/Android｜2020設立ITベンチャーのアプリエンジニアを募集,https://www.wantedly.com/projects/545383
大阪発 急成長の医療ITベンチャー！医療業界を革新するWebエンジニア募集,https://www.wantedly.com/projects/463415
レガシーな業界や組織からベンチャーに挑戦したいWebエンジニア募集,https://www.wantedly.com/projects/504914
人も社風も穏やかな環境で、悩みなく自分の好奇心を追求しませんか？,https://www.wantedly.com/projects/548314
急成長のFintechベンチャーでフロントエンドエンジニアを募集中！,https://www.wantedly.com/projects/443119
ちゃんとしたベンチャーで働きたいエンジニア募集！安定基盤×ベンチャー精神,https://www.wantedly.com/projects/471591
受発注SaaSベンチャーで、上流から関わりたいPHPエンジニア募集！,https://www.wantedly.com/projects/554649
名古屋発のベンチャー／CRMやDMPに携わるエンジニア／初期メンバー募集,https://www.wantedly.com/projects/524909
急拡大＆急成長中の不動産テックベンチャーでエンジニア募集！,https://www.wantedly.com/projects/468336
フードテックベンチャーの挑戦！SaaS型クラウドサービスのエンジニア募集。,https://www.wantedly.com/projects/559856
ベンチャーでビジネスを共に創る！愛のあるフロントエンドエンジニア募集！,https://www.wantedly.com/projects/386803
企画からリリースまで！急成長ベンチャーでゲーム開発に熱中しませんか？,https://www.wantedly.com/projects/548856
ついに募集始動！／元ITメガベンチャーCTOの右腕となるリードエンジニア,https://www.wantedly.com/projects/558660
ロボット技術で"人間拡張"を目指す急成長ベンチャー！制御エンジニア募集！,https://www.wantedly.com/projects/522445
未来のルーキーと会いたい！急成長のベンチャーを、あなたがもっと盛り上げる！,https://www.wantedly.com/projects/448677
ベンチャーで会社と共に急成長したいエンジニア募集！,https://www.wantedly.com/projects/522104
建設テックベンチャーで自社SaaSアプリの技術戦略を！CTO候補求む！,https://www.wantedly.com/projects/521268
新卒2名でアプリ開発事業を立ち上げたベンチャー企業が組織トップ人材を募集！,https://www.wantedly.com/projects/549418
データサイエンティスト募集！HRTech/急成長中ベンチャー/駅徒歩1分,https://www.wantedly.com/projects/543921
東洋経済のすごいベンチャー100に選出！フルスタックエンジニア募集,https://www.wantedly.com/projects/565627
ベンチャー企業でスキルアップをしたいJavaエンジニアを募集！,https://www.wantedly.com/projects/381919
ベンチャー企業でやりたいを実現！CTO候補募集！,https://www.wantedly.com/projects/520789
テクノロジーが日本の医療を変える！型破りベンチャーの3DCADエンジニア！,https://www.wantedly.com/projects/560610
AIヘルステックベンチャーでiOSアプリの開発,https://www.wantedly.com/projects/568742
グローバル＊コンサル＊ベンチャーでITコンサルタントを目指す方募集.,https://www.wantedly.com/projects/568823
ITベンチャーで会社とともに成長したいJavaエンジニアWanted!!,https://www.wantedly.com/projects/332624
急成長を続ける上場ベンチャー企業を支える社内情報システム担当を募集！,https://www.wantedly.com/projects/568790
猛スピードで成長を続けるベンチャーでSE経験を活かしませんか？,https://www.wantedly.com/projects/370187
グローバル×日本で活躍するベンチャーで働きたいインフラエンジニア募集♪,https://www.wantedly.com/projects/544811
CTO候補募集｜自社プロダクトを持つベンチャーのフルスタックエンジニア,https://www.wantedly.com/projects/549528
幅広い領域に携わるIoTベンチャーでアプリエンジニアをWANTED！,https://www.wantedly.com/projects/274782
会社の成長を支えるSalesforceシステム管理者募集！急成長ベンチャー,https://www.wantedly.com/projects/561027
インターン：アグリテックベンチャーでロボット組み込みエンジニア募集,https://www.wantedly.com/projects/559769
成長し続けたいPHPエンジニア募集！,https://www.wantedly.com/projects/429954
1000億円市場で自社プロダクトを展開。急成長ベンチャーでエンジニア募集,https://www.wantedly.com/projects/569798
急成長中のAIベンチャーをスケールさせるデータサイエンティスト大募集！,https://www.wantedly.com/projects/545508
AWS | エンジニアカルチャー＆落ち着いた雰囲気のベンチャーでスキル発揮,https://www.wantedly.com/projects/557428
急成長中の新規Fintech事業を支え、挑戦し続けるベンチャー人材を募集！,https://www.wantedly.com/projects/507941
ITベンチャーで効率的にゆるく働けるエンジニアポジションをWANTED！,https://www.wantedly.com/projects/328964
技術好き注目！8年目のソニー発ベンチャーでAWSエンジニア募集,https://www.wantedly.com/projects/569868
多様な学び方の実現へ。上場ベンチャーのサービスを支えるインフラエンジニア,https://www.wantedly.com/projects/268574
フードテックベンチャーのIT戦略から運用を行う情シス・社内SEを募集,https://www.wantedly.com/projects/522977
千葉大発医療ベンチャーでのAndroidエンジニア募集！,https://www.wantedly.com/projects/498375
急成長ITベンチャーで仲間と共に成長がしたいエンジニアを大募集！,https://www.wantedly.com/projects/358471
 設立4年目、事業拡大中のベンチャーでRailsエンジニア募集！,https://www.wantedly.com/projects/560513
未経験からベンチャーで世界を舞台に！エンジニア積極採用中！,https://www.wantedly.com/projects/70451
ベンチャー企業で働く開発エンジニアを求む！！,https://www.wantedly.com/projects/530103
ベンチャーでスキルアップしたいwebエンジニアさんwanted！！,https://www.wantedly.com/projects/399290
成長中のWebベンチャーでCTO候補のエンジニア募集,https://www.wantedly.com/projects/403453
すごいベンチャー100に選ばれました！ Djangoエンジニア募集！,https://www.wantedly.com/projects/500988
名古屋発ベンチャーで事業を牽引するモバイルアプリエンジニアを募集！,https://www.wantedly.com/projects/425844
スキルチェンジにも柔軟！エンジニアのやりたいが叶う会社です！,https://www.wantedly.com/projects/564453
Java｜2020設立ITベンチャーのサーバーサイドエンジニアを募集！,https://www.wantedly.com/projects/545402
大阪発 急成長の医療ITベンチャー！医療業界を革新するWebエンジニア募集,https://www.wantedly.com/projects/466850
ITベンチャーで超スピード成長したいエンジニアを探しています！,https://www.wantedly.com/projects/505586
Javaでの開発経験がある人大歓迎！ベンチャー企業で経験を活かしませんか？,https://www.wantedly.com/projects/389342
AIヘルステックベンチャーでAndroidアプリの開発,https://www.wantedly.com/projects/568744
急成長を続ける上場ベンチャー企業を支える社内SE／ヘルプデスクを募集！,https://www.wantedly.com/projects/568631
知識不要の医療×tech！型破りベンチャーの3D CADエンジニア募集！,https://www.wantedly.com/projects/530522
3.4兆円市場を狙う勢いのあるベンチャー企業でインフラエンジニア募集！,https://www.wantedly.com/projects/549373
社会課題をロボットで解決する急成長ベンチャーのエンジニア募集！,https://www.wantedly.com/projects/554409
ワークライフバランスを大切にしたいSE募集！,https://www.wantedly.com/projects/433555
技術力のソニーグループ×ベンチャー×AWS。クラウドエンジニア募集！,https://www.wantedly.com/projects/536991
圧倒的社会貢献性！FinTechベンチャーでモバイルエンジニアを募集！,https://www.wantedly.com/projects/443131
不動産×Techで業界を変える！急成長ベンチャーのQAエンジニア募集,https://www.wantedly.com/projects/454204
幅広い案件に関わるベンチャーで、ディレクションに挑戦したいエンジニア募集,https://www.wantedly.com/projects/357896
すごいベンチャー100に選ばれました！ Djangoシニアエンジニア募集！,https://www.wantedly.com/projects/510563
創業4年目のベンチャーでサービスを立ち上げるエンジニア募集！,https://www.wantedly.com/projects/360032
未経験からベンチャーで世界を舞台に！エンジニア積極採用中！,https://www.wantedly.com/projects/72086
ベンチャーでスキルアップしたいwebエンジニアさん、お話しませんか？,https://www.wantedly.com/projects/459313
外国人人材業界に革命を起こすベンチャー企業で働きたいインフラエンジニア募集,https://www.wantedly.com/projects/547982
急成長ベンチャーでRPAコンサルタントにチャレンジしませんか？,https://www.wantedly.com/projects/283520
効率的にゆる〜く働けます！何でも作るITベンチャーのSEポジションを募集！,https://www.wantedly.com/projects/307961
月間300エントリあるAIベンチャーの人事が1on1オンライン面談するよ！,https://www.wantedly.com/projects/439431
設立4年目のベンチャーでサーバーサイドエンジニア募集！,https://www.wantedly.com/projects/482261
