北海道の地元情報発信アプリDomingoの開発エンジニアWanted！,https://www.wantedly.com/projects/108467
おもしろいアイデアを技術で実現する！デベロッパー募集,https://www.wantedly.com/projects/109340
当社サービスの基盤を支えるWEBエンジニア募集！@札幌,https://www.wantedly.com/projects/109695
自社開発！技術的チャレンジをしながら納得した要件で開発したい人,https://www.wantedly.com/projects/153191
iOSエンジニア募集！リアル世界のDropboxを創り上げてみませんか？,https://www.wantedly.com/projects/166361
宅配収納サービス'サマリーポケット'で所有のスタイルを進化させませんか？,https://www.wantedly.com/projects/166393
デバイス／センサー／Web技術の融合で新しい体験を創造するエンジニア募集,https://www.wantedly.com/projects/1703
音楽好きのエンジニア募集！追加募集！,https://www.wantedly.com/projects/171670
リモートワークも柔軟に相談可能！バックエンドエンジニア仲間大募集！,https://www.wantedly.com/projects/178246
エンジニアへのジョブチェンジを応援します！！,https://www.wantedly.com/projects/180683
エンジニアへのジョブチェンジを応援します！！,https://www.wantedly.com/projects/180683
WEBプログラマ大募集！スキルチェンジも大歓迎！,https://www.wantedly.com/projects/182393
WEBプログラマ大募集！スキルチェンジも大歓迎！,https://www.wantedly.com/projects/182393
実務経験なくてもOK！スタートアップで会社と一緒に圧倒的成長をしたい方！,https://www.wantedly.com/projects/187026
ゼロから本気で目指すエンジニアへの道！第二新卒・異業種大歓迎！,https://www.wantedly.com/projects/187717
スタートアップで経営もプログラミングも参加したい方！社長が話します！,https://www.wantedly.com/projects/188765
経験ゼロでも本気でエンジニアになりたい方！社長と直接話してみませんか？,https://www.wantedly.com/projects/190478
“情熱重視”の採用強化中！経験ゼロから1人前のエンジニアを目指す方大募集！,https://www.wantedly.com/projects/191890
異業種からでも大歓迎！本気でエンジニアを目指す方お話ししましょう！,https://www.wantedly.com/projects/193685
みんなで考えみんなで作る!!サーバーサイドエンジニアを募集!!,https://www.wantedly.com/projects/193743
海外で働きたい！急成長中のベトナムで海外展開を加速するエンジニア募集！,https://www.wantedly.com/projects/194567
10ANTZとともに成長してくれる分析エンジニアを募集！,https://www.wantedly.com/projects/196078
経験ゼロでも熱意で採用します！本気でエンジニアになりたい方話しましょう！,https://www.wantedly.com/projects/196764
経験不問！本気でエンジニアを目指す方一度お話しましょう！,https://www.wantedly.com/projects/198129
実務経験よりも情熱重視のエンジニア募集！まずは一度お話ししましょう！,https://www.wantedly.com/projects/199823
ユーザー体験を向上させるPIXTAのフロントエンドエンジニア募集！,https://www.wantedly.com/projects/201557
実務経験が無くても諦めたくない！若手の育成実績多数の弊社で話しませんか？,https://www.wantedly.com/projects/201855
独学のみでも大歓迎！幅広くスキルアップしたいプログラマー大募集！,https://www.wantedly.com/projects/207481
第二新卒大歓迎！！実務経験ゼロでも本気でエンジニアを目指す方大募集！,https://www.wantedly.com/projects/209734
独学のみでも大歓迎！プログラマー希望の方社長がお話します！,https://www.wantedly.com/projects/211790
第二新卒大歓迎！独学のみで応募可能なプログラマー枠！社長が直接お話します！,https://www.wantedly.com/projects/216226
技術大好きエンジニア募集！,https://www.wantedly.com/projects/217639
技術大好きエンジニア募集！,https://www.wantedly.com/projects/217639
完全ポテンシャル採用！若手プログラマーの育成実績多数！社長がお話します！,https://www.wantedly.com/projects/219107
初音ミクの音声を進化させたい！音声技術エンジニアWANTED！@札幌,https://www.wantedly.com/projects/219720
音楽制作用ソフトウェアやオーディオプラグインの企画開発エンジニア募集！,https://www.wantedly.com/projects/219734
当社の膨大なサウンド音源を活用してくれるAIエンジニアWanted!@札幌,https://www.wantedly.com/projects/221572
フロントエンドからバックエンドまでの研修あり！！プログラマー大募集！！,https://www.wantedly.com/projects/222087
音楽好きのエンジニア募集！,https://www.wantedly.com/projects/223726
非体育会系エンジニア募集,https://www.wantedly.com/projects/223737
非体育会系エンジニア募集,https://www.wantedly.com/projects/223737
業界経験不問！やる気重視のエンジニア採用！社長が直接面談します！,https://www.wantedly.com/projects/225045
20代中心の同期と一緒に成長！年内10名以上ポテンシャル枠で採用します！,https://www.wantedly.com/projects/229914
IT業界で約1年そろそろ開発やりたいエンジニア募集！,https://www.wantedly.com/projects/233640
IT業界で約1年そろそろ開発やりたいエンジニア募集！,https://www.wantedly.com/projects/233640
プロダクト開発の最前線でビジネスを成功へ導くフロントエンドエンジニア募集！,https://www.wantedly.com/projects/240923
データから課題を見つけ顧客に貢献したいデータエンジニア募集！,https://www.wantedly.com/projects/243921
自社メディア・サービスを成長させたいエンジニア募集中,https://www.wantedly.com/projects/252511
一緒に楽器弾きながら開発してくれるWebエンジニア募集！,https://www.wantedly.com/projects/267965
異業種・第二新卒大歓迎のエンジニア募集！社長が直接お話します！,https://www.wantedly.com/projects/271467
5年連続300％以上成長！今季売上二桁億円を狙うサマリーでバックエンド募集,https://www.wantedly.com/projects/274355
一緒に成長・挑戦できるデータエンジニア募集！,https://www.wantedly.com/projects/275602
実務経験なくてもOK！本気でプログラマーを目指す方弊社でお話しませんか？,https://www.wantedly.com/projects/278441
若きフロントエンジニア募集！！,https://www.wantedly.com/projects/281502
国内最大級PIXTAを成長させたいWebエンジニア募集！,https://www.wantedly.com/projects/288581
音楽・映像を世界へGo/AWSが好きなサーバーサイドエンジニア求む！,https://www.wantedly.com/projects/289115
日本伝統文化復権と銭湯&サウナを展開すべくクールなシステムを！,https://www.wantedly.com/projects/301964
都会の喧騒を離れ緑豊かな場所で開発に集中したいサーバーサイドエンジニア募集,https://www.wantedly.com/projects/302099
経験不問！本気でプログラマーを目指す方へ！社長がお話しします！,https://www.wantedly.com/projects/305580
音楽が好き！なWebエンジニアをWanted!!,https://www.wantedly.com/projects/310282
音楽が好き！なWebエンジニアをWanted!!,https://www.wantedly.com/projects/310282
AR/VRでエンタメの未来を創るUnityエンジニア募集！,https://www.wantedly.com/projects/311636
音楽が好きなUnityエンジニアをWanted!!,https://www.wantedly.com/projects/313167
音楽が好きなUnityエンジニアをWanted!!,https://www.wantedly.com/projects/313167
会員数1万人の音楽教室を支える基幹システムのサーバーサイドエンジニア,https://www.wantedly.com/projects/317442
当たり前ですがまずはお勉強からスタートします。経験ゼロエンジニアを募集！,https://www.wantedly.com/projects/317927
スタイリッシュにそして自由に成長できるクォンタム。エンジニアをWanted,https://www.wantedly.com/projects/320425
経験不問！一人一人の成長にフルコミット！本気で頑張る方はお越しください！,https://www.wantedly.com/projects/325999
いきなり現場に放り出さられることは絶対にない。経験ゼロから始めるエンジニア,https://www.wantedly.com/projects/326032
月間3000万PVのシニア向けメディアを成長させるwebエンジニア募集！,https://www.wantedly.com/projects/326440
まずはお話ししませんか？世界中からエンジニアが集まる理由を大暴露します,https://www.wantedly.com/projects/327135
キャリアもスキルも自由に選びたい。経験ゼロから学びたいエンジニアを募集！,https://www.wantedly.com/projects/328797
新しい体験づくりにチャレンジしたいフロントエンドエンジニア募集！,https://www.wantedly.com/projects/329277
社長が元板前。自由を謳歌する。どんなキャリアでもエンジニアデビューが可能！,https://www.wantedly.com/projects/331018
イチから教えません。ゼロから教えます！クォンタムでエンジニアデビュー！,https://www.wantedly.com/projects/331020
AI×英会話スタートアップの成長を支えるサーバーサイドエンジニア募集！！,https://www.wantedly.com/projects/335283
独学のみの方も歓迎！幅広くスキルアップしたい方へ！社長がお話します！,https://www.wantedly.com/projects/335488
実務経験不問！独学に限界を感じている方！最短でエンジニアを目指しましょう！,https://www.wantedly.com/projects/340862
国境を超えて開発プロジェクトを統括したいマネージャ募集！,https://www.wantedly.com/projects/341071
ユーザーが欲しいモノだけを創りたいAndroidエンジニアをWanted!,https://www.wantedly.com/projects/341631
ユーザーが欲しいモノだけ創りたい！そんな想いを抱くiOSエンジニアを募集,https://www.wantedly.com/projects/341639
A型でもB型でもO型でもAB型でもC言語に夢中になりそうな方を募集,https://www.wantedly.com/projects/342225
開発拠点多数！働き方自由！フルスタックに活躍したいエンジニア募集！,https://www.wantedly.com/projects/343075
Cはチャレンジのシー。C言語取得を夢見るエンジニア希望者をWanted！,https://www.wantedly.com/projects/344943
一緒にやりたい事を見つけましょう！経験ゼロの開発エンジニア希望者を募集！,https://www.wantedly.com/projects/346629
IT業界経験ゼロで起業した社長に学ぶ。C言語エンジニアへの最短距離！,https://www.wantedly.com/projects/349195
開発素人→恵比寿で働くシブいエンジニアに成長したい方をWanted！,https://www.wantedly.com/projects/350017
市場に経験者がいない。だから希少人材になれる！C#エンジニアをWanted,https://www.wantedly.com/projects/352620
とにかくバンド出身者が多いグループでメジャーデビュー出来るエンジニア職！,https://www.wantedly.com/projects/355406
急成長のAI英会話スタートアップ-Androidエンジニア募集中！,https://www.wantedly.com/projects/355888
経験ゼロからスタートするなら市場価値の高いC#エンジニアデビューから！,https://www.wantedly.com/projects/358277
新しいサービスを世界中のファンに届けるフロントエンドエンジニア募集！！,https://www.wantedly.com/projects/359228
経験ないからって笑う奴は見返してやればいい。エンジニアチャレンジャー！,https://www.wantedly.com/projects/360720
C#言語ってどんな開発？何を作る時に必要？から聞きたいエンジニア希望者！,https://www.wantedly.com/projects/362943
エンジニアデビューもビジネスパーソンデビューもお洒落に恵比寿でどうですか？,https://www.wantedly.com/projects/365678
企画から自社サービス開発に携わりたいWEBエンジニアWANTED！＠札幌,https://www.wantedly.com/projects/366813
経験ゼロから学ぶのは市場価値の高い開発言語！エンジニア募集！,https://www.wantedly.com/projects/368897
札幌で自社コンテンツと共に自身も成長したいアプリエンジニアWANTED！,https://www.wantedly.com/projects/369452
キャリアもスキルも自由に選びたい！経験ゼロから学びたいエンジニアを募集！,https://www.wantedly.com/projects/371287
貪欲に学んでキャリア＆スキルアップを実現！経験ゼロエンジニアを募集！,https://www.wantedly.com/projects/373941
独学のみもOK！ゼロからプログラマーを目指す方！社長と話してみませんか？,https://www.wantedly.com/projects/376230
周りからなんて言われようがおれはエンジニアになる！クォンタムでデビュー！,https://www.wantedly.com/projects/377365
経験不要のシンプルな業務！まずは勉強から始めよう！経験ゼロエンジニア募集,https://www.wantedly.com/projects/378184
経験はないけど今話題の最先端技術に触れたい！皆でエンジニアになりませんか？,https://www.wantedly.com/projects/382013
スキルをしっかり身に着け現場へ！初級どころか経験ゼロエンジニアを募集中！,https://www.wantedly.com/projects/383496
学歴や経験は関係なし！周囲の人と差を付けたい駆け出しエンジニア大募集！,https://www.wantedly.com/projects/385793
イチからITエンジニアを目指したい！大歓迎ですよ～経験ゼロエンジニアさん！,https://www.wantedly.com/projects/387648
講師役の先輩がマンツーマンでサポート！着実に力をつけて。経験ゼロエンジニア,https://www.wantedly.com/projects/390021
自分で課題を発見できる力データ利活用に生かしてみませんか？,https://www.wantedly.com/projects/390297
いいんです！ゼロからエンジニアになりましょう！経験ゼロエンジニアを募集！,https://www.wantedly.com/projects/393505
技術でもっとドライブ感ある体験へ！テクニカルディレクター募集,https://www.wantedly.com/projects/395192
100％わかった！まで教えます！積極的にチカラつけて下さい。エンジニア募集,https://www.wantedly.com/projects/396463
貴方がエンジニアになるお手伝いをさせて下さい。まだ経験が無くても問題なし！,https://www.wantedly.com/projects/398803
スクールに通ったは良いけど実務経験がない…。それなら私達と経験を積もう！,https://www.wantedly.com/projects/398805
開発に対して常に全力でのぞめる！クォンタムでエンジニア募集,https://www.wantedly.com/projects/399402
ユーザーが欲しいモノだけ創りたいフロントエンドエンジニアを募集！,https://www.wantedly.com/projects/401376
駆け出しエンジニアを育てるのは開発経験！私達と一緒に一皮剥けませんか？,https://www.wantedly.com/projects/401615
成長するかどうかは自分次第！実力主義で自由な環境でエンジニアとして活躍。,https://www.wantedly.com/projects/402781
音楽×テクノロジーで活躍したいRubyエンジニア募集中！！！,https://www.wantedly.com/projects/402967
clusterの開発を加速するデバッガーアルバイト募集！,https://www.wantedly.com/projects/403915
自由を目指したい方歓迎！ここで成りたい自分を目指せます。経験ゼロエンジニア,https://www.wantedly.com/projects/406136
B2B2C スクール事業プラットフォームを構築するサーバサイドエンジニア,https://www.wantedly.com/projects/408358
裏切られた！と思うほど自由な環境。社員の挑戦を応援する会社でエンジニア募集,https://www.wantedly.com/projects/409576
データから見える"課題"を解決する力当社で生かしてみませんか？,https://www.wantedly.com/projects/411601
アート業界の激震を。世界を跨ぐ自社開発フロントエンドエンジニア,https://www.wantedly.com/projects/411869
やりたい事挑戦したい事を会社がしっかり受け止めて全力でサポートします！,https://www.wantedly.com/projects/413594
学歴や経験は関係なし！自社サービス開発がしたい駆け出しエンジニア大募集！,https://www.wantedly.com/projects/414091
充実した教育体制と自由度の高さに定評あり！経験ゼロエンジニアを募集。,https://www.wantedly.com/projects/414594
アート業界の常識が変わる！大規模プラットフォーム開発を担うエンジニア募集！,https://www.wantedly.com/projects/415266
国境を超えて活躍したいマネージャ募集！,https://www.wantedly.com/projects/416166
オフィスin恵比寿でかっこよくキャリアを積み上げませんか？エンジニア募集,https://www.wantedly.com/projects/420015
エンジニアになりたい。そのまっすぐな想いはだれにも負けない。,https://www.wantedly.com/projects/420901
自身の努力がすぐに目に見える形で反映される自由な会社です！エンジニア募集,https://www.wantedly.com/projects/423275
時は満ちた。さあオモシロイ事やりましょう。エンジニア募集,https://www.wantedly.com/projects/423277
5.2兆円の市場に挑む！優秀な社員が集う当社で共にチャレンジしませんか?,https://www.wantedly.com/projects/423553
大手SIer企業出身者が在籍！精鋭が集まる企業です,https://www.wantedly.com/projects/423554
日本全国で拡大中！あの音楽教室のEYSでエンジニアを募集！,https://www.wantedly.com/projects/424064
充実の教育体制あり！ブレイバンスでゼロからエンジニアを目指してみませんか？,https://www.wantedly.com/projects/439646
充実の教育体制あり！ブレイバンスでゼロからエンジニアを目指してみませんか？,https://www.wantedly.com/projects/439646
アート業界の常識が変わる！大規模プラットフォーム開発を担うエンジニア募集！,https://www.wantedly.com/projects/440267
自社プロダクト続々誕生中！イケてるエンジニアも続々ジョインしています！,https://www.wantedly.com/projects/440844
CXを追求したい方必見！アーティストの日常を変革するエンジニア募集！,https://www.wantedly.com/projects/441521
日本最大級のファッションメディアを最適化 - 機械学習エンジニア募集,https://www.wantedly.com/projects/441541
日本最大級のファッションメディアを最適化 - 機械学習エンジニア募集,https://www.wantedly.com/projects/441541
5.2兆円の市場に挑む！優秀な社員が集う当社で共にチャレンジしませんか,https://www.wantedly.com/projects/443210
音楽エンタメ領域でバックエンド開発をマネジメントしたいエンジニア募集！,https://www.wantedly.com/projects/445281
開発エンジニアのパイオニアに？立ち上げの開発チームを牽引する人猛烈募集！,https://www.wantedly.com/projects/450702
トラフィック急増中のバーチャルSNSを支えるサーバーエンジニア募集！,https://www.wantedly.com/projects/452984
実務経験不問！ネットワークエンジニアになりたい方をWanted！,https://www.wantedly.com/projects/455837
0からのスタートでも大丈夫！ネットワークエンジニアになりたい方募集中！,https://www.wantedly.com/projects/456256
若手リーダー候補採用！開発スキルを磨いているエンジニアを超絶Wanted！,https://www.wantedly.com/projects/457087
Fan×Tech事業のSKIYAKIのセキュリティエンジニア募集中！！,https://www.wantedly.com/projects/457435
開発セクションの立ち上げメンバー！JAVAエンジニアを超絶Wanted！,https://www.wantedly.com/projects/458460
Java技術者がいません！先駆け的存在としてJOINしてくれる人募集中！,https://www.wantedly.com/projects/459025
SaaSの新規開発！MVP構築に興味のあるWebアプリエンジニア募集！,https://www.wantedly.com/projects/461067
オリジナルゲームの新規開発!!Unityエンジニアを募集しています,https://www.wantedly.com/projects/461786
リーダー候補採用！PHP / Laravel エンジニアを超Wanted！,https://www.wantedly.com/projects/462571
エンタメ業界に新たな兆しを！自社プロダクトのインフラエンジニア募集！,https://www.wantedly.com/projects/465470
Fan×Technologyで活躍できるWEBエンジニア募集中！！,https://www.wantedly.com/projects/472664
大阪でゲーム開発をしたいエンジニアを探しています！,https://www.wantedly.com/projects/473826
clusterのモバイル体験を加速するiOS/Androidエンジニア募集,https://www.wantedly.com/projects/474306
エンタメ業界のDXツールをグロースさせるフロントエンドエンジニア募集！,https://www.wantedly.com/projects/474446
技術でエンタメのDXを加速させる開発責任者を募集！,https://www.wantedly.com/projects/474514
技術でエンタメのDXを加速させる開発責任者を募集！,https://www.wantedly.com/projects/474514
北海道から出たくない！道内で活躍したいエンジニアの方を探しています,https://www.wantedly.com/projects/475441
世界を繋ぐ音楽アプリ！サービスのバックエンドの構築を担うエンジニアを募集,https://www.wantedly.com/projects/476506
英語力や留学経験を活かせる！海外進出を推進するエンジニア募集,https://www.wantedly.com/projects/476907
音楽・映像・ファッションなどエンタメへの興味を仕事で活かしてみませんか？,https://www.wantedly.com/projects/476915
音楽エンタメ領域のモダンフロントエンドを統括するエンジニア募集！,https://www.wantedly.com/projects/476945
Bitfanアプリのサービスを牽引するAndroidエンジニア募集！,https://www.wantedly.com/projects/478217
インターン歓迎！WEBやデジタル演出が好きなフロントエンドエンジニア募集！,https://www.wantedly.com/projects/478798
GLSLを駆使したサイト実装に挑戦してみませんか？フロントエンジニア募集！,https://www.wantedly.com/projects/478802
バーチャルSNSのコア体験を作るUnityエンジニア募集！,https://www.wantedly.com/projects/481019
サービス志向のクラウド型ソリューションパッケージのインフラエンジニア募集！,https://www.wantedly.com/projects/486499
サービス志向のクラウド型ソリューションパッケージのインフラエンジニア募集！,https://www.wantedly.com/projects/486499
ファンを笑顔にするAndroid/iOSアプリ開発エンジニア募集中！！,https://www.wantedly.com/projects/486927
勤務時間も進め方も自由！フロントエンドを極めたいエンジニア募集！,https://www.wantedly.com/projects/487598
バーチャルSNSの開発を加速させるソフトウェアエンジニアを募集中！,https://www.wantedly.com/projects/487653
海外進出：Goの経験を積みたいPHP／Ruby／Pythonエンジニア募集,https://www.wantedly.com/projects/489057
技術力も英語も身につけたい！そんなブリッジエンジニアWanted!!,https://www.wantedly.com/projects/489824
クライアントの課題解決にコミットするJavaエンジニアを募集！！,https://www.wantedly.com/projects/490538
Ruby開発経験者求む！Bitfanを開発するRubyエンジニア募集中！,https://www.wantedly.com/projects/490791
ほどよい郊外でものづくりをしたいモバイルアプリエンジニアを募集!!,https://www.wantedly.com/projects/491954
エンジニアをWanted！ホワイトな環境と更なる成長をお約束します。,https://www.wantedly.com/projects/493612
社員一人一人の理想のキャリアに真剣に向き合う会社です！エンジニア募集！,https://www.wantedly.com/projects/493794
新しい分野に挑戦し続けたいjavaエンジニアをWanted！！,https://www.wantedly.com/projects/493978
自分らしく働きたいJavaエンジニアをWanted！,https://www.wantedly.com/projects/494555
独学のみでもOKのエンジニア募集！圧倒的に熱意を重視します！,https://www.wantedly.com/projects/494882
高松で経験をいかしたい！目標達成スキルのあるシステムエンジニア募集中！,https://www.wantedly.com/projects/495686
豊富な案件アナタ自身が選べます。色々な技術に挑戦したいエンジニア募集！,https://www.wantedly.com/projects/496159
オフショア拠点と共同開発を進めるブリッジエンジニアWanted!!,https://www.wantedly.com/projects/497438
多分野のプロジェクト経験を積んで成長したいPHPエンジニアをWanted！,https://www.wantedly.com/projects/497490
Kotlin !音楽×テクノロジーで活躍したいAndroidエンジニア募集,https://www.wantedly.com/projects/498170
golangで開発したいサーバーサイドエンジニアを募集,https://www.wantedly.com/projects/498565
急成長中の越境ファッションECを支えるバックエンドエンジニアを募集！,https://www.wantedly.com/projects/498887
音楽とコードが大好きなフロントエンジニア大募集,https://www.wantedly.com/projects/499091
音楽とコードが大好きなサーバーサイドエンジニア/SRE大募集,https://www.wantedly.com/projects/499097
経営者視点で事業を切り拓くリードエンジニアをWanted！,https://www.wantedly.com/projects/499651
やりがいのある仕事を！あなたの経験を求めてます,https://www.wantedly.com/projects/500819
50ミリ台を守る！動画広告アドネットワークインフラエンジニア責任者を募集,https://www.wantedly.com/projects/501219
動画広告アドネットワーク VeleT を支えるデータエンジニアを募集中！,https://www.wantedly.com/projects/501225
自由な案件＋ホワイト環境。エンジニアファーストを追求している会社はこちら↓,https://www.wantedly.com/projects/502011
BitStarを技術で加速させるRailsエンジニア募集！,https://www.wantedly.com/projects/502740
英語力を活かして働きたいブリッジエンジニアWanted!!,https://www.wantedly.com/projects/503272
Fan×Tech事業のSKIYAKIでセキュリティエンジニアを募集中！,https://www.wantedly.com/projects/504151
オリジナルゲームの新規開発！中二病タイトルを一緒に作りませんか,https://www.wantedly.com/projects/505775
アプリ開発エンジニア｜ゲーム・EC・コミュニケーションアプリ等ジャンル多彩,https://www.wantedly.com/projects/507207
アプリ開発エンジニア｜ゲーム・EC・コミュニケーションアプリ等ジャンル多彩,https://www.wantedly.com/projects/507207
旅行業界のDXを推進していくPHPエンジニアを募集！,https://www.wantedly.com/projects/508501
アプリ開発エンジニア｜ゲーム・EC・コミュニケーションアプリ等ジャンル多彩,https://www.wantedly.com/projects/508889
アプリ開発エンジニア｜ゲーム・EC・コミュニケーションアプリ等ジャンル多彩,https://www.wantedly.com/projects/508889
自社プロダクトの開発を担うPHPエンジニアのマネジャー募集！,https://www.wantedly.com/projects/508950
日本最大級のイヤホン専門店ECサイトを一緒に育てるフロントエンドを募集！,https://www.wantedly.com/projects/509347
日本最大級のイヤホン専門店ECサイトを一緒に育てるフロントエンドを募集！,https://www.wantedly.com/projects/509347
アプリ開発エンジニア｜ゲーム・EC・コミュニケーションアプリ等ジャンル多彩,https://www.wantedly.com/projects/510157
アプリ開発エンジニア｜ゲーム・EC・コミュニケーションアプリ等ジャンル多彩,https://www.wantedly.com/projects/510157
アプリ開発エンジニア｜ゲーム・EC・コミュニケーションアプリ等ジャンル多彩,https://www.wantedly.com/projects/511358
アプリ開発エンジニア｜ゲーム・EC・コミュニケーションアプリ等ジャンル多彩,https://www.wantedly.com/projects/511358
アプリ開発エンジニア｜ゲーム・EC・コミュニケーションアプリ等ジャンル多彩,https://www.wantedly.com/projects/512354
アプリ開発エンジニア｜ゲーム・EC・コミュニケーションアプリ等ジャンル多彩,https://www.wantedly.com/projects/512354
元ラクスルCTOの元で働くRuby on Railsエンジニア経験者募集！,https://www.wantedly.com/projects/512673
エンタメのDXツールの要となるサーバーサイドエンジニア募集！,https://www.wantedly.com/projects/513575
アプリ開発エンジニア｜ゲーム・EC・コミュニケーションアプリ等ジャンル多彩,https://www.wantedly.com/projects/514313
アプリ開発エンジニア｜ゲーム・EC・コミュニケーションアプリ等ジャンル多彩,https://www.wantedly.com/projects/514313
アプリ開発エンジニア｜ゲーム・EC・コミュニケーションアプリ等ジャンル多彩,https://www.wantedly.com/projects/515408
アプリ開発エンジニア｜ゲーム・EC・コミュニケーションアプリ等ジャンル多彩,https://www.wantedly.com/projects/515408
自社サービスやロボット開発に関われるチャンスも｜個性あるエンジニア募集,https://www.wantedly.com/projects/515414
ブラックNGな方へ。ホワイトかつキャリアアップ出来る弊社でSEにならない？,https://www.wantedly.com/projects/516691
自社サービスやロボット開発に関われるチャンスも｜個性あるエンジニア募集,https://www.wantedly.com/projects/517103
アプリ開発エンジニア｜ゲーム・EC・コミュニケーションアプリ等ジャンル多彩,https://www.wantedly.com/projects/517107
自社音楽サービス始動！Music XMLReactエンジニア募集！,https://www.wantedly.com/projects/518134
アプリ開発エンジニア｜ゲーム・EC・コミュニケーションアプリ等ジャンル多彩,https://www.wantedly.com/projects/518751
アプリ開発エンジニア｜ゲーム・EC・コミュニケーションアプリ等ジャンル多彩,https://www.wantedly.com/projects/518751
自社サービスやロボット開発に関われるチャンスも｜個性あるエンジニア募集,https://www.wantedly.com/projects/518758
自社音楽サービス始動！Music XMLUnityエンジニア募集！,https://www.wantedly.com/projects/518938
誰もがクリエイターになれる世界をつくる！Unityエンジニア募集,https://www.wantedly.com/projects/520462
アプリ開発エンジニア｜ゲーム・EC・コミュニケーションアプリ等ジャンル多彩,https://www.wantedly.com/projects/520613
動画ディストリビューションサービスでクリエイターに自由を。Go/海外進出,https://www.wantedly.com/projects/520635
巷で話題のホワイトSESです。色々な技術に触れたいエンジニア募集！,https://www.wantedly.com/projects/520712
世界中をワクワクさせたい！新領域サービスのUnityエンジニア募集中！,https://www.wantedly.com/projects/521223
誰もがクリエイターになれる世界をつくる！サーバーエンジニア募集！,https://www.wantedly.com/projects/521975
自社サービスやロボット開発に関われるチャンスも｜個性あるエンジニア募集,https://www.wantedly.com/projects/522348
アプリ開発エンジニア｜ゲーム・EC・コミュニケーションアプリ等ジャンル多彩,https://www.wantedly.com/projects/522349
エンタメ好き歓迎！ファンを笑顔にするiOSアプリ開発エンジニア募集中！,https://www.wantedly.com/projects/522620
世の中を本気で変えたい！新しい日常を作るソフトウェアエンジニア募集,https://www.wantedly.com/projects/522675
ネットワークエンジニアの世界へ‼新たな一歩踏み出してみませんか？,https://www.wantedly.com/projects/522908
xRTechスタートアップのUnityエンジニアマネージャーを募集！,https://www.wantedly.com/projects/522909
clusterのモバイル体験を向上させるUnityエンジニア募集！,https://www.wantedly.com/projects/523346
ブロックチェーンでエンタメ業界のDXに挑戦するエンジニア募集！,https://www.wantedly.com/projects/523504
更なるスキルアップを！ 立ち上げの開発チームを牽引する人Wanted！,https://www.wantedly.com/projects/523950
アニメ制作の課題にテクノロジーで挑戦したいエンジニアを募集します！,https://www.wantedly.com/projects/524509
アプリ開発エンジニア｜ゲーム・EC・コミュニケーションアプリ等ジャンル多彩,https://www.wantedly.com/projects/524534
アプリ開発エンジニア｜ゲーム・EC・コミュニケーションアプリ等ジャンル多彩,https://www.wantedly.com/projects/524534
音楽をこの国の一番おもしろい遊びにする。弊社のビジョンを創造しませんか？,https://www.wantedly.com/projects/524792
エンジニアファーストな会社で自分の夢中と向き合いたいエンジニアを募集！,https://www.wantedly.com/projects/524794
独立系アーティストのグラミー受賞！独立系アーティストの支援をしませんか？,https://www.wantedly.com/projects/524798
最新技術のキャッチアップが好きな方！モダンな環境で開発しませんか？,https://www.wantedly.com/projects/524802
TypeScript/React開発を極めたい方歓迎！WEBエンジニア募集,https://www.wantedly.com/projects/525746
トラフィック急増中のバーチャルSNSを支えるサーバーエンジニア募集！,https://www.wantedly.com/projects/525759
アプリ開発エンジニア｜ゲーム・EC・コミュニケーションアプリ等ジャンル多彩,https://www.wantedly.com/projects/526066
バーチャルSNSの開発を加速させるソフトウェアエンジニアを募集中！,https://www.wantedly.com/projects/526490
バーチャルSNSのコア体験を作る！Unityエンジニア募集！,https://www.wantedly.com/projects/526494
年齢や国籍働く場所は関係なし。夢中を追い求められるエンジニアと働きたい！,https://www.wantedly.com/projects/526954
急成長の企業で自社開発サービスをグロースさせるPHPエンジニア募集！,https://www.wantedly.com/projects/528066
遊び心と真面目さを大事にしています。音楽をもっと面白くしませんか？,https://www.wantedly.com/projects/528213
マンガテレビゲームを超える没入感を作るソフトウェアエンジニアを募集！,https://www.wantedly.com/projects/528276
アプリ開発エンジニア｜ゲーム・EC・コミュニケーションアプリ等ジャンル多彩,https://www.wantedly.com/projects/528513
アプリ開発エンジニア｜ゲーム・EC・コミュニケーションアプリ等ジャンル多彩,https://www.wantedly.com/projects/528513
自社サービスやロボット開発に関われるチャンスも｜個性あるエンジニア募集,https://www.wantedly.com/projects/528514
自社サービスやロボット開発に関われるチャンスも｜個性あるエンジニア募集,https://www.wantedly.com/projects/528514
音楽は世界観の自己表現。独立系アーティストが活躍する世の中を創りませんか？,https://www.wantedly.com/projects/529245
自社サービスやロボット開発に関われるチャンスも｜個性あるエンジニア募集,https://www.wantedly.com/projects/529493
自社サービスやロボット開発に関われるチャンスも｜個性あるエンジニア募集,https://www.wantedly.com/projects/529493
アプリ開発エンジニア｜ゲーム・EC・コミュニケーションアプリ等ジャンル多彩,https://www.wantedly.com/projects/529494
アプリ開発エンジニア｜ゲーム・EC・コミュニケーションアプリ等ジャンル多彩,https://www.wantedly.com/projects/529494
婚礼・ホテルを中心とした自社開発エンジニア募集 開発経験者歓迎,https://www.wantedly.com/projects/529650
ワクワクするコンテンツを提供し続ける企業でインフラエンジニア募集中！,https://www.wantedly.com/projects/530219
案件ガチャに疲れた方へ。案件自由のホワイトSESで再スタートしませんか？,https://www.wantedly.com/projects/530410
新領域。バーチャルSNSのユーザー体験を支えるUnityエンジニア募集中！,https://www.wantedly.com/projects/530841
自社サービスやロボット開発に関われるチャンスも｜個性あるエンジニア募集,https://www.wantedly.com/projects/531135
自社サービスやロボット開発に関われるチャンスも｜個性あるエンジニア募集,https://www.wantedly.com/projects/531135
アプリ開発エンジニア｜ゲーム・EC・コミュニケーションアプリ等ジャンル多彩,https://www.wantedly.com/projects/531136
アプリ開発エンジニア｜ゲーム・EC・コミュニケーションアプリ等ジャンル多彩,https://www.wantedly.com/projects/531136
音楽ライブ/コンサート生配信サービス！！WEB開発エンジニアWanted！,https://www.wantedly.com/projects/531141
庁内SE募集！愛媛県の地方公共団体であなたのスキルを活かしましょう！,https://www.wantedly.com/projects/531305
庁内SE募集！愛媛県の地方公共団体であなたのスキルを活かしましょう！,https://www.wantedly.com/projects/531305
仕事に集中できるのは東京じゃない…。場所に関係なく活躍するエンジニア募集！,https://www.wantedly.com/projects/532025
ゲームチェンジを起こすかもしれないバーチャルSNSインフラエンジニア募集,https://www.wantedly.com/projects/532609
世の中を本気で変えたい！新しい日常を作るソフトウェアエンジニア募集,https://www.wantedly.com/projects/532610
アプリ開発エンジニア｜ゲーム・EC・コミュニケーションアプリ等ジャンル多彩,https://www.wantedly.com/projects/533257
アプリ開発エンジニア｜ゲーム・EC・コミュニケーションアプリ等ジャンル多彩,https://www.wantedly.com/projects/533257
自社サービスやロボット開発に関われるチャンスも｜個性あるエンジニア募集,https://www.wantedly.com/projects/533259
clusterのモバイル体験を加速するiOSエンジニア募集,https://www.wantedly.com/projects/533956
clusterのモバイル体験を加速するAndroidエンジニア募集,https://www.wantedly.com/projects/533957
先駆け的存在としてJOINしてくれるJAVAエンジニアwanted！,https://www.wantedly.com/projects/535087
アプリ開発エンジニア｜ゲーム・EC・コミュニケーションアプリ等ジャンル多彩,https://www.wantedly.com/projects/535310
アプリ開発エンジニア｜ゲーム・EC・コミュニケーションアプリ等ジャンル多彩,https://www.wantedly.com/projects/535310
自社サービスやロボット開発に関われるチャンスも｜個性あるエンジニア募集,https://www.wantedly.com/projects/535311
表現者であるアーティストの夢を後押ししたい！ライブ配信MUSERの開発！,https://www.wantedly.com/projects/535429
トラフィック急増中！バーチャルSNSを支えるインフラエンジニア募集！,https://www.wantedly.com/projects/535460
マンガテレビゲームを超える没入感を作るソフトウェアエンジニアを募集！,https://www.wantedly.com/projects/535462
東京でなくても成果を出せるなら大丈夫！全国各地のエンジニアをWanted！,https://www.wantedly.com/projects/535722
場所に関係なく活躍したい！質と成果にこだわりたいエンジニアを大募集！,https://www.wantedly.com/projects/535724
toCサービスに携わりたいアプリエンジニア募集！5G世代SNSを創出,https://www.wantedly.com/projects/535779
JavaScript/Typescriptサーバー〜フロントまで開発中！,https://www.wantedly.com/projects/536420
Unityってゲームだけだっけ？クラスターでUnity屋さん募集してます,https://www.wantedly.com/projects/536581
アプリ開発エンジニア｜ゲーム・EC・コミュニケーションアプリ等ジャンル多彩,https://www.wantedly.com/projects/536647
自社サービスやロボット開発に関われるチャンスも｜個性あるエンジニア募集,https://www.wantedly.com/projects/536648
メンバーにチャンスを提供したい。エンジニア出身の代表の想いを形にしませんか,https://www.wantedly.com/projects/537191
非エンジニアから事業部長も夢じゃない？！チャンスが多い組織で活躍しませんか,https://www.wantedly.com/projects/537231
JSフレームワークを極めたい！そんな方は是非一度お話させてください！,https://www.wantedly.com/projects/537662
あのアニメやゲームの世界に近づけるバーチャルSNSのインフラエンジニア！,https://www.wantedly.com/projects/537910
バーチャルSNSの開発を加速させるソフトウェアエンジニアを募集中！,https://www.wantedly.com/projects/537912
ホワイト×成長。両立したい欲張りなエンジニアをWanted！,https://www.wantedly.com/projects/538134
人を大切にする会社でプロジェクトマネージャーにチャレンジしたい方！,https://www.wantedly.com/projects/538605
ゲーム以外でも感動や驚きを提供したいのでUnityエンジニア募集します,https://www.wantedly.com/projects/538607
頼れる先輩・仲間と一緒に会社を成長させてみませんか？,https://www.wantedly.com/projects/538654
受託開発してます！リーダーマネージャー候補募集！,https://www.wantedly.com/projects/538660
若手メンバーと頑張りたい。そんな開発リーダーを募集しています！,https://www.wantedly.com/projects/538696
アプリ開発エンジニア｜ゲーム・EC・コミュニケーションアプリ等ジャンル多彩,https://www.wantedly.com/projects/538927
アプリ開発エンジニア｜ゲーム・EC・コミュニケーションアプリ等ジャンル多彩,https://www.wantedly.com/projects/538927
自社サービスやロボット開発に関われるチャンスも｜個性あるエンジニア募集,https://www.wantedly.com/projects/538929
自社サービスやロボット開発に関われるチャンスも｜個性あるエンジニア募集,https://www.wantedly.com/projects/538929
残業はマイナス評価です！ホワイトな環境でWeb開発の経験を積みませんか？,https://www.wantedly.com/projects/539384
バーチャル空間を作りたいソフトウェアエンジニアを募集！,https://www.wantedly.com/projects/540388
ゲームだけで疲れてませんか？バーチャルSNSのインフラエンジニアの選択肢,https://www.wantedly.com/projects/540426
世の中を本気で変えたい！新しい日常を作るソフトウェアエンジニア募集,https://www.wantedly.com/projects/540429
アプリ開発エンジニア｜ゲーム・EC・コミュニケーションアプリ等ジャンル多彩,https://www.wantedly.com/projects/540820
自社サービスやロボット開発に関われるチャンスも｜個性あるエンジニア募集,https://www.wantedly.com/projects/540822
自社サービスやロボット開発に関われるチャンスも｜個性あるエンジニア募集,https://www.wantedly.com/projects/540822
Unityを使用したライブ配信アプリ開発/運用エンジニア募集!!,https://www.wantedly.com/projects/540939
長時間ゲームした時の没入感を再現したい！Unity駆使してくれる方募集,https://www.wantedly.com/projects/541010
誰もがクリエイターになれる世界をつくる！サーバーエンジニア募集！,https://www.wantedly.com/projects/542484
マンガテレビゲームを超える没入感を作るソフトウェアエンジニアを募集！,https://www.wantedly.com/projects/542488
本業だけで満足してますか？スキルとキャリアを更に磨きたいエンジニアを募集！,https://www.wantedly.com/projects/542654
アニメスタジオの社内システムエンジニアを募集しています！,https://www.wantedly.com/projects/542720
アプリ開発エンジニア｜ゲーム・EC・コミュニケーションアプリ等ジャンル多彩,https://www.wantedly.com/projects/542990
アプリ開発エンジニア｜ゲーム・EC・コミュニケーションアプリ等ジャンル多彩,https://www.wantedly.com/projects/542990
自社サービスやロボット開発に関われるチャンスも｜個性あるエンジニア募集,https://www.wantedly.com/projects/542992
自社サービスやロボット開発に関われるチャンスも｜個性あるエンジニア募集,https://www.wantedly.com/projects/542992
グローバルなエンジニアと働く！！Pythonエンジニア募集！,https://www.wantedly.com/projects/543550
グローバルなエンジニアと働く！！Flutterエンジニア募集！,https://www.wantedly.com/projects/543553
最先端スタックでグローバルなエンジニアと働くPythonエンジニア募集,https://www.wantedly.com/projects/543554
最先端スタックでグローバルなエンジニアと働くFlutterエンジニア募集,https://www.wantedly.com/projects/543555
バーチャルSNSのコア体験を作る！Unityエンジニア募集！,https://www.wantedly.com/projects/543566
アプリ開発エンジニア｜ゲーム・EC・コミュニケーションアプリ等ジャンル多彩,https://www.wantedly.com/projects/544825
自社サービスやロボット開発に関われるチャンスも｜個性あるエンジニア募集,https://www.wantedly.com/projects/544827
自社サービスやロボット開発に関われるチャンスも｜個性あるエンジニア募集,https://www.wantedly.com/projects/544827
日本の音楽市場を変えたい！独立系アーティストの支援をしませんか？,https://www.wantedly.com/projects/544865
ブラックはもう嫌。ホワイトな環境で着実にキャリアアップしたいエンジニア募集,https://www.wantedly.com/projects/545096
React Nativeエンジニア募集！10代に学びを届けるアプリ開発,https://www.wantedly.com/projects/545605
受託と自社メディアどちらにも関われるエンジニアを募集！,https://www.wantedly.com/projects/545751
充実した育成支援でエンジニアからITコンサルタントへキャリアアップを実現！,https://www.wantedly.com/projects/546585
充実した育成支援でエンジニアからITコンサルタントへキャリアアップを実現！,https://www.wantedly.com/projects/546585
自分に危機感を覚えているエンジニアいませんか？着実に力をつけたい方を募集！,https://www.wantedly.com/projects/546703
まだまだアナログなエンタメ業界に変化を起こすQA・品質管理募集！,https://www.wantedly.com/projects/547428
SHOWROOMのサーバーサイドエンジニア,https://www.wantedly.com/projects/547868
QAエンジニアチーム立ち上げ&責任者候補,https://www.wantedly.com/projects/547871
XR Kaigi登壇！バーチャル空間を作りたいソフトウェアエンジニアを募集,https://www.wantedly.com/projects/547875
XR Kaigi登壇！バーチャルSNSを開発するUnityエンジニア募集！,https://www.wantedly.com/projects/547881
アプリ開発エンジニア｜ゲーム・EC・コミュニケーションアプリ等ジャンル多彩,https://www.wantedly.com/projects/548052
アプリ開発エンジニア｜ゲーム・EC・コミュニケーションアプリ等ジャンル多彩,https://www.wantedly.com/projects/548052
自社サービスやロボット開発に関われるチャンスも｜個性あるエンジニア募集,https://www.wantedly.com/projects/548053
自社サービスやロボット開発に関われるチャンスも｜個性あるエンジニア募集,https://www.wantedly.com/projects/548053
人も社風も穏やかな環境で悩みなく自分の好奇心を追求しませんか？,https://www.wantedly.com/projects/548314
あなたのJavaの力をKANAMEで活かしませんか？,https://www.wantedly.com/projects/548320
事業成長を生み出すインフラを創造する！ゼロからのネットワークエンジニア募集,https://www.wantedly.com/projects/548413
事業成長を生み出すインフラを創造する！ゼロからのネットワークエンジニア募集,https://www.wantedly.com/projects/548413
自分もクライアントもWIN-WINに！人の役に立ちたいエンジニアを募集！,https://www.wantedly.com/projects/549506
モダンな環境で開発しませんか？音楽×IT企業でエンジニアWanted！,https://www.wantedly.com/projects/549812
アバター面談歓迎！バーチャルSNSを開発するUnityエンジニア募集！,https://www.wantedly.com/projects/549968
アプリ開発エンジニア｜ゲーム・EC・コミュニケーションアプリ等ジャンル多彩,https://www.wantedly.com/projects/550170
アプリ開発エンジニア｜ゲーム・EC・コミュニケーションアプリ等ジャンル多彩,https://www.wantedly.com/projects/550170
自社サービスやロボット開発に関われるチャンスも｜個性あるエンジニア募集,https://www.wantedly.com/projects/550171
自社サービスやロボット開発に関われるチャンスも｜個性あるエンジニア募集,https://www.wantedly.com/projects/550171
第二創業期に突入！900万DLの音楽アプリを育てるAndroidエンジニア,https://www.wantedly.com/projects/550328
音楽アプリnanaの仮説検証や戦略設計を手がけるデータアナリストを募集！,https://www.wantedly.com/projects/550482
オンラインでも繋がりを作る！音楽SNSアプリnanaのiOSエンジニア！,https://www.wantedly.com/projects/550490
自由に働く環境で自社サービスをより良くしてくれるGoエンジニアを募集！！,https://www.wantedly.com/projects/550553
そろそろPMに挑戦したいエンジニア募集！一度お話しませんか？,https://www.wantedly.com/projects/553505
ビジネス感覚を鍛える！企画段階から参加できるテクニカルディレクターを募集,https://www.wantedly.com/projects/553824
自分ではなくユーザーを満たすための開発を！本質的な開発をしたい人募集！,https://www.wantedly.com/projects/554050
VRやエンタメ好き歓迎！バーチャルSNSを開発するUnityエンジニア募集,https://www.wantedly.com/projects/555626
教育業界に技術で貢献！自社SaaSプロダクト開発を牽引するエンジニア募集！,https://www.wantedly.com/projects/555651
音楽×教育×先端技術事業で成長中の弊社でプロジェクトマネージャー募集！,https://www.wantedly.com/projects/555658
Javaを愛するエンジニアと一緒に働きたい！！,https://www.wantedly.com/projects/556157
RPAで業務効率化！エンジニアとしての価値を上げたい方WANTED！,https://www.wantedly.com/projects/557029
音楽に包まれた環境で働く！フロントエンドエンジニアを募集！,https://www.wantedly.com/projects/557045
ClusterCreatorKitを使いこなすワールドクリエイター募集中！,https://www.wantedly.com/projects/557613
年平均成長率300%以上の急成長スタートアップでiOSエンジニア募集！,https://www.wantedly.com/projects/557803
宅配収納サービス'サマリーポケット'で所有のスタイルを進化させませんか？,https://www.wantedly.com/projects/558120
お客様の課題を本質的に解決する！他人事を自分事にできるエンジニアを募集！,https://www.wantedly.com/projects/558338
R&Dで技術力を高めてきた弊社で自社SaaS開発を牽引するエンジニア募集！,https://www.wantedly.com/projects/558447
開発PM募集！米国スタートアップ経験者もいるハイレベルな環境で成長を！,https://www.wantedly.com/projects/558449
日本発グローバル展開へエンジニアからITコンサルへキャリアチェンジ歓迎！,https://www.wantedly.com/projects/558499
日本発グローバル展開へエンジニアからITコンサルへキャリアチェンジ歓迎！,https://www.wantedly.com/projects/558499
年平均成長率300%以上の急成長スタートアップでバックエンドWANTED!,https://www.wantedly.com/projects/559150
都会の喧騒を離れGo言語で開発したいサーバーサイドエンジニア募集！,https://www.wantedly.com/projects/559341
都会の喧騒を離れ緑豊かな場所で開発したいAndroidエンジニアを募集！,https://www.wantedly.com/projects/559351
都会の喧騒を離れ緑豊かな場所で開発に集中したいiOSエンジニアを募集！,https://www.wantedly.com/projects/559356
音楽系ITエンジニアを募集～スタートアップで自社サービス開発,https://www.wantedly.com/projects/559358
自社サービスやロボット開発に関われるチャンスも｜個性あるエンジニア募集,https://www.wantedly.com/projects/559418
自社サービスやロボット開発に関われるチャンスも｜個性あるエンジニア募集,https://www.wantedly.com/projects/559418
アプリ開発エンジニア｜ゲーム・EC・コミュニケーションアプリ等ジャンル多彩,https://www.wantedly.com/projects/559420
アプリ開発エンジニア｜ゲーム・EC・コミュニケーションアプリ等ジャンル多彩,https://www.wantedly.com/projects/559420
自社の事業成長に関わりたいフロントエンドエンジニアを募集！,https://www.wantedly.com/projects/559426
自社の事業成長に関わりたいフロントエンドエンジニアを募集！,https://www.wantedly.com/projects/559426
最先端スタックでグローバルなエンジニアと働く！Pythonエンジニア募集！,https://www.wantedly.com/projects/559813
グローバルなエンジニアと働く！Pythonエンジニア募集！,https://www.wantedly.com/projects/559814
最先端スタックでグローバルなエンジニアと働くFlutterエンジニア募集！,https://www.wantedly.com/projects/559815
グローバルなエンジニアと働く！Flutterエンジニア募集！,https://www.wantedly.com/projects/559816
充実した育成支援でエンジニアからITコンサルタントへキャリアパスを実現,https://www.wantedly.com/projects/559893
充実した育成支援でエンジニアからITコンサルタントへキャリアパスを実現,https://www.wantedly.com/projects/559893
日本発グローバル展開へエンジニアからITコンサルへキャリアチェンジ歓迎！,https://www.wantedly.com/projects/559900
日本発グローバル展開へエンジニアからITコンサルへキャリアチェンジ歓迎！,https://www.wantedly.com/projects/559900
5年連続300％以上成長！売上二桁億円を狙うサマリーでiOSエンジニア募集,https://www.wantedly.com/projects/560623
WebエンジニアWanted！自社システムを開発し事業のグロースを加速！,https://www.wantedly.com/projects/560725
年平均成長率300%以上の急成長スタートアップでエンジニアWANTED!,https://www.wantedly.com/projects/561211
魅力的なサイトを構築したい！フロントエンドエンジニアを募集！,https://www.wantedly.com/projects/561601
宅配収納サービス"サマリーポケット"で所有のスタイルを進化させませんか？,https://www.wantedly.com/projects/561619
2021年も採用強化中！バーチャルSNSを開発するUnityエンジニア募集,https://www.wantedly.com/projects/561626
CTO候補！越境ファッションECを支えるバックエンドエンジニアを募集,https://www.wantedly.com/projects/561700
社内でモダンWeb開発やってみませんか？＠福岡,https://www.wantedly.com/projects/561807
自社サービスやロボット開発に関われるチャンスも｜個性あるエンジニア募集,https://www.wantedly.com/projects/562130
自社サービスやロボット開発に関われるチャンスも｜個性あるエンジニア募集,https://www.wantedly.com/projects/562130
アプリ開発エンジニア｜ゲーム・EC・コミュニケーションアプリ等ジャンル多彩,https://www.wantedly.com/projects/562131
アプリ開発エンジニア｜ゲーム・EC・コミュニケーションアプリ等ジャンル多彩,https://www.wantedly.com/projects/562131
2020年イベント総動員数300万超！clusterサーバーエンジニア募集,https://www.wantedly.com/projects/562252
iOSエンジニア募集！リアル世界のDropboxを創り上げてみませんか？,https://www.wantedly.com/projects/562662
経験がなくても大丈夫！ネットワークエンジニアになりたい方をWanted！,https://www.wantedly.com/projects/562677
5年連続300％以上成長中！サマリーポケットのAndroidエンジニア募集,https://www.wantedly.com/projects/563162
シリコンバレー出身者も在籍しています！グローバルに活躍したい開発PM募集！,https://www.wantedly.com/projects/563265
自社サービスやロボット開発に関われるチャンスも｜個性あるエンジニア募集,https://www.wantedly.com/projects/563657
自社サービスやロボット開発に関われるチャンスも｜個性あるエンジニア募集,https://www.wantedly.com/projects/563657
アプリ開発エンジニア｜ゲーム・EC・コミュニケーションアプリ等ジャンル多彩,https://www.wantedly.com/projects/563658
アプリ開発エンジニア｜ゲーム・EC・コミュニケーションアプリ等ジャンル多彩,https://www.wantedly.com/projects/563658
豊富なAI・ブロックチェーン技術を持つ弊社で成長を目指すエンジニア募集！,https://www.wantedly.com/projects/563675
年平均成長率300%以上の急成長スタートアップでバックエンドエンジニア募集,https://www.wantedly.com/projects/563817
世界的に活躍できるエンジニアになりたい！野心溢れるあなたに会いたい！,https://www.wantedly.com/projects/564021
3D技術でフィットネスを変革するコンピュータビジョンエンジニア募集!!!,https://www.wantedly.com/projects/564194
AI×フィットネス！web/フロントエンドエンジニア募集!!!,https://www.wantedly.com/projects/564195
Deep Learningを活用しスポーツを変革するAIエンジニア募集!,https://www.wantedly.com/projects/564198
スポーツ×AIで革新を起こす！iOSエンジニア募集!!!!,https://www.wantedly.com/projects/564199
異業種からエンジニアになれるのかな…。そんな不安を抱えるエンジニア集まれ！,https://www.wantedly.com/projects/564219
バーチャル経済圏のインフラをつくるソフトウェアエンジニアを募集！,https://www.wantedly.com/projects/564220
経験が浅くてもOK！立ち上げの開発チームを牽引する人Wanted！,https://www.wantedly.com/projects/564406
人も社風も穏やかな環境で悩みなく自分の好奇心を追求しませんか？,https://www.wantedly.com/projects/564449
スキルチェンジにも柔軟！エンジニアのやりたいが叶う会社です！,https://www.wantedly.com/projects/564453
5年連続300％以上成長！今季売上二桁億円を狙うサマリーでバックエンド募集,https://www.wantedly.com/projects/564784
年平均成長率300%!ユーザー体験にこだわるフロントエンドエンジニア募集！,https://www.wantedly.com/projects/564839
年平均成長率300%以上の急成長スタートアップでモバイルエンジニア募集,https://www.wantedly.com/projects/564842
デザインが強みのWEB制作会社でフロントエンドエンジニアを募集！,https://www.wantedly.com/projects/565183
年平均成長率300%以上の急成長スタートアップでエンジニアWANTED,https://www.wantedly.com/projects/565263
自社SaaS開発をお任せ！ハイレベルな環境で成長を求める開発エンジニア募集,https://www.wantedly.com/projects/565616
Tech系企業出身者多数在籍！R&Dで技術力を高めてきた弊社で開発PM募集,https://www.wantedly.com/projects/565617
PHP / Laravel エンジニアを超Wanted！,https://www.wantedly.com/projects/565742
学歴も経験も関係はありません。私たちはエンジニアになりたい人を応援します。,https://www.wantedly.com/projects/566232
宅配収納サービス'サマリーポケット'で所有のスタイルを進化させませんか？,https://www.wantedly.com/projects/566239
クリエイティブ集団をエンパワー！MUSERの開発基盤を作るエンジニア募集！,https://www.wantedly.com/projects/566385
日本一働きやすい組織を創出する社内システムサポートを募集！,https://www.wantedly.com/projects/566829
自社サービスやロボット開発に関われるチャンスも｜個性あるエンジニア募集,https://www.wantedly.com/projects/566922
自社サービスやロボット開発に関われるチャンスも｜個性あるエンジニア募集,https://www.wantedly.com/projects/566922
アプリ開発エンジニア｜ゲーム・EC・コミュニケーションアプリ等ジャンル多彩,https://www.wantedly.com/projects/566924
アプリ開発エンジニア｜ゲーム・EC・コミュニケーションアプリ等ジャンル多彩,https://www.wantedly.com/projects/566924
プライムベンダーからコンサルへ。企業のDXを支援するデジタルコンサル募集！,https://www.wantedly.com/projects/567251
R&Dで技術力を高めてきた弊社で自社SaaS開発を牽引するエンジニア募集！,https://www.wantedly.com/projects/567284
開発PM募集！AI・ブロックチェーン技術豊富な弊社で活躍してください！,https://www.wantedly.com/projects/567285
アート業界の常識が変わる！大規模プラットフォーム開発を担うエンジニア募集！,https://www.wantedly.com/projects/73511
経験者優遇！入金回収特化型パッケージを扱ってみたいシステムエンジニア募集！,https://www.wantedly.com/projects/83701
経験者優遇！入金回収特化型パッケージを扱ってみたいシステムエンジニア募集！,https://www.wantedly.com/projects/83701