第二新卒歓迎！ゼロから新たなサービス作りに挑戦する、Webエンジニアを募集,https://www.wantedly.com/projects/392819
人柄採用はじめます！私と一緒にWebデザイナーを目指しませんか？,https://www.wantedly.com/projects/439666
新規プロダクトを立ち上げられるようなエンジニアを目指してみませんか？,https://www.wantedly.com/projects/548229
東京・名古屋|最新WEB表現に挑みUXを最大化するフロントエンドエンジニア,https://www.wantedly.com/projects/357457
成長するための基盤を作る。　エンジニアとしてキャリアをスタート！,https://www.wantedly.com/projects/550280
フロントからサーバーサイドまで様々な領域に関わりたいエンジニアを募集！,https://www.wantedly.com/projects/553636
社内SEとして経験を積みたい方！社内のシステムの運用・保守をお任せします！,https://www.wantedly.com/projects/565257
エンジニア志望WANTED！仲間と一緒にスキルを身につけませんか？,https://www.wantedly.com/projects/564823
０からスキルと知識を身に付け技術のプロフェッショナル、目指してみませんか？,https://www.wantedly.com/projects/554266
スタートアップ企業でハイレベルな仲間と急成長したいエンジニア募集！,https://www.wantedly.com/projects/393313
完全ポテンシャル採用！エンジニアになりたい人、Gizumoが育てます！,https://www.wantedly.com/projects/355777
独学の方も歓迎！少数チームでスキルを磨きながら新規事業開発をお任せします！,https://www.wantedly.com/projects/560622
Ruby on Railsでガンガン開発したいエンジニアWanted!!,https://www.wantedly.com/projects/157324
全国応募可！4月入社希望の若手フルスタックエンジニアを募集開始！,https://www.wantedly.com/projects/562321
オータムの前向きなエンジニア達と、共に成長したいエンジニアを募集！,https://www.wantedly.com/projects/563892
人柄重視！０から教育と実践を通じてWEBエンジニアにキャリアチェンジ！,https://www.wantedly.com/projects/539083
実務経験なし歓迎 1ヶ月でJavaScripterに！共に開発しましょう！,https://www.wantedly.com/projects/286701
エンジニアとして成長をしたい方を募集！,https://www.wantedly.com/projects/560679
新プロジェクトにフルスタックで携わる！フロントエンドエンジニア大募集！,https://www.wantedly.com/projects/554679
第二新卒 | プログラミングスキルを磨きたい自社サービスのエンジニアを募集,https://www.wantedly.com/projects/508553
圧倒成長をここで！０からITベンチャーでWEBエンジニアになりたい人を募集,https://www.wantedly.com/projects/561089
完全ポテンシャル採用。WEBエンジニアとして０から活躍したい人を募集！,https://www.wantedly.com/projects/475764
Pythonエンジニアを募集！AIベンチャーで経験ゼロから挑戦！,https://www.wantedly.com/projects/519636
知識・経験がなくてもエンジニアに！？安心のプログラミング研修付き！,https://www.wantedly.com/projects/553062
女性の可能性を開花！新事業やSHElikesの発展を担うサービスエンジニア,https://www.wantedly.com/projects/560256
プログラミングを仕事に！レベルの高い研修を受けてITデビューできます。,https://www.wantedly.com/projects/486563
独学の方も大歓迎！EC支援の新規事業！開発・ディレクションをお任せします！,https://www.wantedly.com/projects/561263
Ruby on Rails技術者求む！フリーランス/社員募集！,https://www.wantedly.com/projects/550291
謹賀新年！チャレンジの年にしませんか？WEB制作チームの新メンバー募集！,https://www.wantedly.com/projects/558992
スタートアップ企業で会社の仕組み作りにも携わって頂けWebエンジニア募集！,https://www.wantedly.com/projects/546721
知識・経験ナシでも研修を通してITエンジニアを目指したい人集まれー！,https://www.wantedly.com/projects/500860
社員の9割以上が異業種出身！？新オフィスのNew Family大募集！,https://www.wantedly.com/projects/396268
ソーシャルベンチャーの自社サービスをグロースさせたいエンジニア募集！,https://www.wantedly.com/projects/565242
2月入社募集　エンジニアを目指される方！知識、経験ゼロからでも歓迎！,https://www.wantedly.com/projects/565300
独学の方もエンジニアを目指したい方も大歓迎！新規事業のフロントエンジニア！,https://www.wantedly.com/projects/566490
知識・経験がなくてもエンジニアに！？安心のプログラミング研修付き！,https://www.wantedly.com/projects/566880
ペライチの開発チームをリードするエンジニアWanted！！,https://www.wantedly.com/projects/504803
Javaでwebアプリ開発！フリーランス/社員募集！,https://www.wantedly.com/projects/566417
Operations Reliability Engineer おやつ体験,https://www.wantedly.com/projects/434772
ここから始まるITへの冒険。若手、未経験者大募集！,https://www.wantedly.com/projects/566442
花き業界を代表するサービスを共に作り上げるRailsエンジニア募集！,https://www.wantedly.com/projects/566034
世の中に知らしめるんだ　オタクと言う存在を！　エンジニア募集,https://www.wantedly.com/projects/123764
フリーランス歓迎！人生のハンドルを自ら握るバックエンドエンジニア募集！,https://www.wantedly.com/projects/556112
キャリアの幅を広げる！教育と実践を通じてWEBエンジニアになりたい人を募集,https://www.wantedly.com/projects/566395
最先端技術を世に送り出す立役者！　AI/ロボ系ソフトウェアエンジニア募集！,https://www.wantedly.com/projects/566875
恋活アプリ"イヴイヴ"をグロースさせるエンジニア募集してます！,https://www.wantedly.com/projects/159221
よし！正常に動いた！そんな喜びでお酒が進んじゃう酒豪プログラマー求む！,https://www.wantedly.com/projects/561214
独学のみもOK！ゼロからプログラマーを目指す方！社長と話してみませんか？,https://www.wantedly.com/projects/376230
コーディング×Webデザイン！幅広いスキルを磨き成長したい方！,https://www.wantedly.com/projects/539298
スタートアップアイデアがある人、お茶しながら試しましょう- 2期生募集,https://www.wantedly.com/projects/78215
コロナで毎月200％成長  アソビ×HRサービスのフロントエンジニア募集,https://www.wantedly.com/projects/10660
医療知識不要の自社プロダクト！Pythonで日本の医療を変えるエンジニア！,https://www.wantedly.com/projects/564674
スタートアップで最新の技術に触れたい、キャリアアップしたいエンジニア募集！,https://www.wantedly.com/projects/350958
初期スタートアップをグロースさせるエンジニアを募集、ポテンシャルも歓迎！,https://www.wantedly.com/projects/428988
エンジニア｜あなたの技術力、MCSで必要な人に届けよう！！,https://www.wantedly.com/projects/563625
将来性重視！ 成長意欲をもって次世代のWEBエンジニアになりたい人を募集！,https://www.wantedly.com/projects/564313
完全ポテンシャル採用。WEBエンジニアとして活躍したい人募集中！,https://www.wantedly.com/projects/460509
課題解決を楽しめるRailsエンジニア募集！,https://www.wantedly.com/projects/489068
成長拡大期のブロダクト自社開発：課題解決が大好物なテックリードを募集！,https://www.wantedly.com/projects/559628
Webエンジニアを目指そう！現場目線の実績あるカリキュラム！,https://www.wantedly.com/projects/535282
技術力向上だけはない。ビジネス的な視点を持ちながらも活躍いただけます！,https://www.wantedly.com/projects/231509
キャリアチェンジ歓迎！実践環境でゼロからWEBエンジニアを目指そう。,https://www.wantedly.com/projects/549656
０からWEBエンジニアとして爆速成長していきたいエンジニアの卵を大募集！,https://www.wantedly.com/projects/561080
スタートから現場で通用するエンジニアを育成！！,https://www.wantedly.com/projects/434445
Vueを使いこなして、UIに徹底的にこだわるWebエンジニア募集！,https://www.wantedly.com/projects/539769
東京/大阪　企画からジョインできます！Android/iOSアプリ開発,https://www.wantedly.com/projects/546124
VR業界の伝説を創る可能性を秘めた企業でバックエンドエンジニア募集！,https://www.wantedly.com/projects/387909
本気で自分を成長させたいエンジニアインターン大募集！,https://www.wantedly.com/projects/565700
フロントエンドエンジニアを募集！スタートアップでキャリアチェンジしよう！,https://www.wantedly.com/projects/554743
将来をもっと豊かに！教育と実践を通じてWEBエンジニアになりたい人を募集！,https://www.wantedly.com/projects/554621
東京Office開設！！関東エリアの立ち上げメンバーWANTED！！,https://www.wantedly.com/projects/338327
東京、大阪面談可能！札幌でモダンWeb開発！U・Iターン大歓迎！,https://www.wantedly.com/projects/391429
3月入社者採用中！集まれ！モダンな環境で開発したいWebエンジニア！,https://www.wantedly.com/projects/507473
サーバーサイドエンジニア／スタートアップを支援するSaaSプロダクト開発,https://www.wantedly.com/projects/258331
ベンチャーで仕掛ける！！グローバルに勝負したい開発エンジニア求む！,https://www.wantedly.com/projects/428477
新潟発のスタートアップ企業！産直ECサービスの開発メンバー・エンジニア募集,https://www.wantedly.com/projects/343692
ITエンジニアをサポートする事務職を募集。働きやすい職場環境です！,https://www.wantedly.com/projects/371532
完全ポテンシャル採用。WEBエンジニアとして０から活躍したい人を募集！,https://www.wantedly.com/projects/511095
新進気鋭のスタートアップでAIチャットボットをグロースしたい方募集！,https://www.wantedly.com/projects/444913
フリーランス&社員のいいとこ取りができる、JavaエンジニアWanted！,https://www.wantedly.com/projects/319422
最先端技術で世の中を豊かに！　AI/ロボ領域のソフトウェアエンジニア募集！,https://www.wantedly.com/projects/566694
元ITメガベンチャーCTO直下！／社員第一号となるリードエンジニア募集,https://www.wantedly.com/projects/558660
ポテンシャル重視採用！1からWEBエンジニアとして急成長したい方を募集！,https://www.wantedly.com/projects/515479
♦福岡支社スタートアップメンバーをWanted！Web面接可,https://www.wantedly.com/projects/411549
一から知識と経験を身につけて最新前線で活躍できるWEBエンジニアになろう！,https://www.wantedly.com/projects/444058
自社開発100%のプロダクトのドライブをリードする開発エンジニア募集！,https://www.wantedly.com/projects/477195
ファイナンス・プラットフォームを開発するサーバサイドKotlinエンジニア,https://www.wantedly.com/projects/286398
経験は関係なし！九州を拠点にITエンジニアとして国内外で活躍しよう♪,https://www.wantedly.com/projects/557621
最新のWeb技術を駆使し、お客様の事業に深く関わってDXを担います@滋賀,https://www.wantedly.com/projects/526455
大手企業向けアプリ開発！iOSエンジニア募集！,https://www.wantedly.com/projects/505115
リモート勤務&Web面談可：住宅業界向けクラウドサービスのテックサポート,https://www.wantedly.com/projects/476605
社内環境を快適に！会社を支える情報システム担当を募集！,https://www.wantedly.com/projects/541545
経験よりもポテンシャル採用！ゲーム業界で活躍したいエンジニア募集！！,https://www.wantedly.com/projects/555455
急成長のAI英会話スタートアップ-Androidエンジニア募集中！,https://www.wantedly.com/projects/355888
0から知識・経験をつけてWEBエンジニアとしてデビューをしたい人を募集！,https://www.wantedly.com/projects/450277
スタートアップで盛り上がる福岡の成長にITから貢献したいエンジニア職！,https://www.wantedly.com/projects/558484
AI/IoT/ロボ領域の最先端！　未来の当たり前を支えるソフトエンジニア！,https://www.wantedly.com/projects/543795
業務支援SaaSジョブカンを技術力でグロースさせるサーバーサイドエンジニア,https://www.wantedly.com/projects/556746
コロナに負けるな‼21年卒エンジニア募集,https://www.wantedly.com/projects/441584
文理スキル不問！エンジニアとして幅広い開発に携わってみたい21卒募集！,https://www.wantedly.com/projects/471320
０からを教育を通して一人前のPHPエンジニアを目指してみませんか？,https://www.wantedly.com/projects/510770
技術はユーザーのために。日本を大きく変革するプロダクト開発をしませんか？,https://www.wantedly.com/projects/540326
本気で自分を成長させたいエンジニアインターン大募集！,https://www.wantedly.com/projects/451796
AI開発未経験OK！AI開発案件をドライブさせるセールスエンジニア募集！,https://www.wantedly.com/projects/540281
AIスタートアップを支えてくれるプログラマーWantedl!!,https://www.wantedly.com/projects/563698
自然言語処理や音声認識の最前線で活躍する未来のAIエンジニアWANTED！,https://www.wantedly.com/projects/388169
バイオ・医療業界へのジョブチェンジ応援します！,https://www.wantedly.com/projects/553774
ITを活用した業務改善で、顧客企業の課題を解決するコンサルタントを募集！,https://www.wantedly.com/projects/533461
元Uber、ヤフーのトップエンジニア達と一緒にスピード感あふれる開発を！,https://www.wantedly.com/projects/450987
AIベンチャー企業で 様々な案件に携わりたいデータサイエンティスト募集,https://www.wantedly.com/projects/417697
ウェブエンジニアとして自信がある方!!新たな挑戦をしてみませんか,https://www.wantedly.com/projects/185213
毎日平均100件以上のお問い合わせをいただくwebサイト運営をしませんか？,https://www.wantedly.com/projects/261324
成長ベンチャーで自社サービスをじっくり開発したいエンジニア,https://www.wantedly.com/projects/422700
週末にArduinoいじってるギーク！IoT製品の開発エンジニアを募集！,https://www.wantedly.com/projects/313025
予算5億円で新規サービス打ち上げ！ゼロイチを楽しめるエンジニアWANTED,https://www.wantedly.com/projects/426850
人という財産。経験という宝物。アカリエという舞台。,https://www.wantedly.com/projects/557132
経験者優遇！入金回収特化型パッケージを扱ってみたいシステムエンジニア募集！,https://www.wantedly.com/projects/83701
会社を一緒に大きくしていくエンジニア・コンサルタント募集！！,https://www.wantedly.com/projects/402470
モダンな技術で雨の日の常識を目指す、システム開発エンジニア募集！！,https://www.wantedly.com/projects/522550
大大大募集！！知識０から教育と実践を通じてWEBエンジニアになりたい方！,https://www.wantedly.com/projects/521134
toCサービスに携わりたいアプリエンジニア募集！5G世代SNSを創出,https://www.wantedly.com/projects/535779
ゼロからスタートした先輩多数！一流のインフラエンジニアになりたい方募集,https://www.wantedly.com/projects/514494
未来のルーキーと会いたい！急成長のベンチャーを、あなたがもっと盛り上げる！,https://www.wantedly.com/projects/448677
ITコンサルタント募集！!最先端ＩＴスキルで会社と共に成長できます！,https://www.wantedly.com/projects/350561
ITコンサル企業でフルスタックエンジニアに？！エンジニアWANTED！,https://www.wantedly.com/projects/425813
経験ナシでもOK。面倒見の良さが自慢！ITで世の中をより良くしませんか？,https://www.wantedly.com/projects/487751
アクロスは、あなたに今必要なスキルを身に付けることができます！,https://www.wantedly.com/projects/169687
パソコンが苦手でも、プロジェクトをまとめる一人前のエンジニアに育てます！,https://www.wantedly.com/projects/350091
起業志望歓迎！社長の下でリアルなスタートアップを学びたいエンジニア募集,https://www.wantedly.com/projects/84683
東京でグローバルに働く！オープンマインドなセールスエンジニア募集！,https://www.wantedly.com/projects/337158
急成長するマネーフォワードの社内IT活用を支えるITサポートデスク募集！,https://www.wantedly.com/projects/253848
「未経験OK」最先端メソッドで「教育×IT」に改革！インフラ講師募集,https://www.wantedly.com/projects/132858
ものづくり 新規事業で成長したい人・インターン募集＠岡山・東京,https://www.wantedly.com/projects/291207
チャレンジ＋チームワークで世の中を便利にしたい！Android開発者募集!,https://www.wantedly.com/projects/262547
やりたいことがある人！その夢を一緒にITの力で叶えませんか？,https://www.wantedly.com/projects/422738
アプリ・Webエンジニアからロボットエンジニアに転向してみませんか？,https://www.wantedly.com/projects/560318
大手ファームにはない？コンサルティングの質とスピードをさらにUPさせる環境,https://www.wantedly.com/projects/503048
PCに詳しい方募集！最新技術を支えるハードウェアの組立エンジニア,https://www.wantedly.com/projects/442464
実務経験なし＆独学エンジニア大歓迎！Webエンジニアになりたい方募集！,https://www.wantedly.com/projects/557729
上流から下流まで一気通貫で経験したい、サーバーサイドエンジニアを募集！,https://www.wantedly.com/projects/548355
全国募集！独学エンジニア大歓迎！フルスタックエンジニアになりましょう。,https://www.wantedly.com/projects/540027
人柄重視！０から教育を通してWEBエンジニアにキャリアチェンジしよう！,https://www.wantedly.com/projects/532710
SEとしてさらなる飛躍・挑戦しませんか？自社サイトの運用・保守をお任せ！,https://www.wantedly.com/projects/562185
スキルを身につけて手に職つけませんか？エンジニア志望をWANTED！,https://www.wantedly.com/projects/561921
エンジニアを目指したい方・独学の方必見！少数チームで新規事業開発をお任せ！,https://www.wantedly.com/projects/562996
急成長ITベンチャーで仲間と共に成長がしたいエンジニアを大募集！,https://www.wantedly.com/projects/358471
独学で頑張ってるPHPエンジニアWanted!!,https://www.wantedly.com/projects/267777
エンジニアへの転職に挑戦したい方を募集！6ヶ月間のプログラミング研修有り！,https://www.wantedly.com/projects/514804
Ｗｅｂ制作担当募集！ご自身のスキルを活かして自分らしい働き方しませんか？,https://www.wantedly.com/projects/546460
完全ポテンシャル採用。０からWEBエンジニアとして活躍したい人を募集！,https://www.wantedly.com/projects/491096
即戦力募集｜フルスタックエンジニアとして、ROBONで試してみませんか？,https://www.wantedly.com/projects/441730
Vue.jsやTypeScriptなど自社サービスの開発メンバー募集！,https://www.wantedly.com/projects/559002
ソーシャルベンチャーの自社サービスをグロースさせたいエンジニア募集！,https://www.wantedly.com/projects/546336
おやつブランドを支えるバックエンドリードエンジニア募集,https://www.wantedly.com/projects/434818
ベンチャー表彰多数、約10億円調達のAIスタートアップで経験ゼロからの挑戦,https://www.wantedly.com/projects/564688
新規事業に携わりたいWebエンジニア募集,https://www.wantedly.com/projects/535857
知識経験ゼロからスタート！一人前のWEBエンジニアになりたい人を大募集！,https://www.wantedly.com/projects/530381
完全ポテンシャル採用！WEBエンジニアとして開発に携わりたい方を募集！,https://www.wantedly.com/projects/549982
初心者でも大丈夫！ITエンジニアを目指している方募集！,https://www.wantedly.com/projects/442936
人柄重視！０からプログラミングを学びWEBエンジニアになりたい方を大募集！,https://www.wantedly.com/projects/498139
デザインスキルを磨ける！Webデザインが得意なフロントエンドエンジニア集合,https://www.wantedly.com/projects/514766
技術とセンスを磨く！様々な案件で成長を目指すフロントエンドエンジニア募集！,https://www.wantedly.com/projects/381718
０からWEBエンジニアとしてキャリアチェンジしたい初心者エンジニアを募集！,https://www.wantedly.com/projects/549713
0からスタート！デザインもプログラムもできるWebデザイナーを目指す！,https://www.wantedly.com/projects/355779
０からスキルと知識を身に付けバックエンドエンジニアとして活躍したい人！,https://www.wantedly.com/projects/565157
テクノロジーが日本の医療を変える！型破りベンチャーの3DCADエンジニア！,https://www.wantedly.com/projects/560610
完全ポテンシャル採用！カリキュラムを通じてWEBエンジニアを目指そう,https://www.wantedly.com/projects/542637
独学の方も大歓迎！EC支援の新規事業！エンジニアを目指したい方大募集！,https://www.wantedly.com/projects/565099
スキルチェンジしたいキミ！これまでの経験を活かして私たちと爆速成長しよう！,https://www.wantedly.com/projects/332626
保育×ITのスタートアップでRubyを極めたいバックエンドエンジニア募集！,https://www.wantedly.com/projects/338015
３ヶ月で現場レベルの技術を習得！本気でエンジニアになりたい方を募集中です！,https://www.wantedly.com/projects/551262
大阪支店　スタートアップメンバー募集,https://www.wantedly.com/projects/558297
プログラムからゲームを作れるオタクを募集！,https://www.wantedly.com/projects/107688
将来のキャリアを豊かに！実践を通じてWEBエンジニアになりたい人を募集！,https://www.wantedly.com/projects/561069
札幌で東京と変わらない仕事と待遇！北海道を愛するWebエンジニア募集！！,https://www.wantedly.com/projects/518263
スタートアップで0から成長に関わりたいエンジニア募集！,https://www.wantedly.com/projects/521158
ReactやVue.jsも実務でさわりたい、バックエンド・エンジニア募集！,https://www.wantedly.com/projects/418437
輝く女性を応援！SHElikesや新規事業を手がけるサービスエンジニア募集,https://www.wantedly.com/projects/547359
モダン開発🤖React Nativeを用いたモバイルアプリケーション開発,https://www.wantedly.com/projects/493677
０からフロントもバックエンドも学びたいエンジニアをWANTED！！,https://www.wantedly.com/projects/433074
HTMLやCSS等の技術力、カスタマーサクセスとして活かしませんか？,https://www.wantedly.com/projects/354802
知識・経験ナシでも研修を通してWEBエンジニアを目指したい人集まれー！,https://www.wantedly.com/projects/383495
福岡支社スタートアップメンバーをWanted！Web面接可,https://www.wantedly.com/projects/528989
新プロジェクトの嵐！マルチなフィールドで活躍できるフロントエンドエンジニア,https://www.wantedly.com/projects/554723
初期スタートアップの経験3年以上からのリードエンジニア候補、CTO候補募集,https://www.wantedly.com/projects/283921
スタートアップでキャリアチェンジがしたいフロントエンドエンジニアを募集！,https://www.wantedly.com/projects/564787
住宅営業に変革！業界特化MAツールの調査・分析エンジニア,https://www.wantedly.com/projects/523910
人柄重視！WEBエンジニアとして０から成長したい初心者エンジニアを募集！,https://www.wantedly.com/projects/523323
Unityエンジニアあつまれ!!デジモンでフルスタックエンジニアを目指そう,https://www.wantedly.com/projects/559680
経験よりもやる気重視！関西でITエンジニアとしてキャリアアップしませんか,https://www.wantedly.com/projects/557218
Railsエンジニア募集！花業界を変革するサービスを一緒に作りませんか？,https://www.wantedly.com/projects/535756
ファイナンス・プラットフォームを開発するフロントエンドエンジニア募集！,https://www.wantedly.com/projects/286550
これからWEBエンジニアとしてデビューしたいエンジニアをWANTED！,https://www.wantedly.com/projects/432347
大規模案件に携われるWebエンジニアになりませんか？,https://www.wantedly.com/projects/526713
本気で自分を成長させたいエンジニアインターン大募集！,https://www.wantedly.com/projects/566302
自社開発100%のプロダクトをドライブさせる開発エンジニア募集,https://www.wantedly.com/projects/504037
次代のサービスを創っていく。少数精鋭のチームで、お客様と一緒に高みを目指す,https://www.wantedly.com/projects/546678
AI、IoT、ロボット　最新技術に触れられる！　ソフトエンジニア募集！,https://www.wantedly.com/projects/563387
第2新卒WANTED‼0からエンジニアになろう‼,https://www.wantedly.com/projects/379587
メンバーの業務を支える情報システム担当を募集！,https://www.wantedly.com/projects/552038
100万DL突破したマッチングアプリ"イヴイヴ"のモバイルエンジニア募集！,https://www.wantedly.com/projects/283719
本気で自分を成長させたいエンジニアインターン大募集！,https://www.wantedly.com/projects/457694
多様な言語と開発環境でジョブカンを進化させるサーバーサイドエンジニア,https://www.wantedly.com/projects/544875
完全人柄採用！０からWEBエンジニアとして急成長したい方を募集！,https://www.wantedly.com/projects/512867
超ユーザー目線で開発！遊びのHRサービス開発をしたいエンジニア募集,https://www.wantedly.com/projects/253071
技術力で顧客の課題を解決する。PM、PL候補募集！,https://www.wantedly.com/projects/550286
機械学習エンジニアとして活躍！自然言語処理や音声認識システムの開発をお任せ,https://www.wantedly.com/projects/381135
大手企業向けのスマホアプリ開発をお任せ！Androidエンジニア募集,https://www.wantedly.com/projects/503413
サービス志向のクラウド型ソリューションパッケージのインフラエンジニア募集！,https://www.wantedly.com/projects/486499
札幌でモダンWeb開発！U・Iターン大歓迎！東京、大阪面談実施,https://www.wantedly.com/projects/316264
Reactでの広告配信プラットフォーム開発！フロントエンドエンジニア募集！,https://www.wantedly.com/projects/546557
元Uberトップエンジニアのもとでスキル向上したいフロントエンジニア募集！,https://www.wantedly.com/projects/421290
学歴職歴で就職に苦労してきたけど、ここから人生盛り返したくない？,https://www.wantedly.com/projects/470702
ゼロから育てる環境でシステムコンサルタントとして一緒に成長しませんか？,https://www.wantedly.com/projects/336763
大大大募集！！知識０から教育と実践を通じてWEBエンジニアになりたい方！,https://www.wantedly.com/projects/536341
Player!をスポーツアプリでナンバー1に🥇,https://www.wantedly.com/projects/185240
アクロスでは、未経験からシステムエンジニアになれます！やる気採用実施中！,https://www.wantedly.com/projects/167529
未来のWEBエンジニアとしてカリキュラムと実践を通じて成長しよう！,https://www.wantedly.com/projects/456333
会社の拡大に向けて、技術を生かして働きたいエンジニア募集！！,https://www.wantedly.com/projects/543659
翻訳をキーワードにグローバルに勝負したい開発エンジニアを募集,https://www.wantedly.com/projects/442585
業界トップクラスのイベント会社のHPでwebサイト運営しませんか？,https://www.wantedly.com/projects/266973
ＫＡＩＧＯ×ＩＴのベンチャー企業で、ゼロからのシステム創りを,https://www.wantedly.com/projects/538283
エンジニアとしてさらに成長したい方、私たちと一緒に実現しませんか？,https://www.wantedly.com/projects/354142
マネーフォワードの社内ITを支えるITサポートデスク募集！！,https://www.wantedly.com/projects/297518
人柄重視！金融システム開発に興味ある若手エンジニアWanted！,https://www.wantedly.com/projects/245678
人柄採用！スタートアップで市場価値の上がるスキルを身に付けたい方募集！,https://www.wantedly.com/projects/425008
医療統計解析業務の経験者募集！,https://www.wantedly.com/projects/555889
目の前の業務を捌くだけのエンジニア卒業！上流工程で活躍するエンジニアへ！,https://www.wantedly.com/projects/370405
事業会社からの挑戦！Project Designの経営コンサルタント募集,https://www.wantedly.com/projects/516020
最先端ＩＴスキルで会社と共に成長できる！ITコンサルタント募集！!,https://www.wantedly.com/projects/317344
直案件多数！技術の力で顧客課題を解決できるエンジニアWANTED,https://www.wantedly.com/projects/425668
電子機器好き募集！最新技術を支えるハードウェアの組立エンジニア,https://www.wantedly.com/projects/438296
全国募集！4月入社可！独学大歓迎！フルスタックエンジニアになりましょう。,https://www.wantedly.com/projects/558353
現役エンジニアがスキルアップをサポート！フロントエンドエンジニアを募集,https://www.wantedly.com/projects/546444
独学の方、エンジニアを目指したい方大歓迎！新規事業の開発をお任せします！,https://www.wantedly.com/projects/565118
エンジニアになりたくて就職したのに…と今の環境にモヤモヤしているあなたへ,https://www.wantedly.com/projects/561115
設立5年目に突入し、社員72名！急成長企業で活躍したいAWSエンジニア募集,https://www.wantedly.com/projects/115015
Web面談受付中 | Webエンジニアになりたい人WANTED！,https://www.wantedly.com/projects/355758
webスクールで得た経験と知識を使って、エンジニアに転職してみませんか？,https://www.wantedly.com/projects/566203
現役エンジニアが全力サポート！スキルを身につけてエンジニアになりませんか？,https://www.wantedly.com/projects/566294
ITベンチャー企業でハイレベルな仲間と０から急成長したいエンジニア募集！,https://www.wantedly.com/projects/370342
第二新卒 | プログラミングスキルを磨きたい自社サービスのエンジニアを募集,https://www.wantedly.com/projects/533082
Webシステムからアプリ開発まで！新規事業開発に携わりたいエンジニア募集！,https://www.wantedly.com/projects/465502
人柄重視採用！１から育てます！ 圧倒的開発力を身につけたいエンジニアを募集,https://www.wantedly.com/projects/518445
Reactフロントからおやつ体験を提供したいエンジニア募集,https://www.wantedly.com/projects/434890
フリーランス歓迎！人生のハンドルを自ら握るフロントエンドエンジニア募集！,https://www.wantedly.com/projects/556271
キャリアアップを考えているWEBエンジニアさん、お話しませんか？,https://www.wantedly.com/projects/564022
成長するためのスキルを身に付け、WEBエンジニアとしてキャリアをスタート！,https://www.wantedly.com/projects/565154
ボランティア募集サイト運営の創業期ベンチャーで事業を共に作るエンジニア募集,https://www.wantedly.com/projects/554454
ゼロからWEBエンジニアになりたいけど、ブラックな働き方はイヤな人大募集！,https://www.wantedly.com/projects/536823
イチからWEBエンジニアとして活躍したい、未来のエンジニアに出会いたい！！,https://www.wantedly.com/projects/515357
経験・学歴不問！JavaScript・PHPを基礎からしっかり研修します！,https://www.wantedly.com/projects/472938
自社サイトのデザインなどお任せします！WEB制作チームの新メンバー募集！,https://www.wantedly.com/projects/565100
チーム体制で動きたいエンジニアの方必見！ベンチャー企業で次なる挑戦を！,https://www.wantedly.com/projects/484019
ベンチャー表彰多数、約10億円調達のAIスタートアップで経験ゼロからの挑戦,https://www.wantedly.com/projects/519629
ゲームオタク大歓迎！Unityエンジニア募集！,https://www.wantedly.com/projects/42954
人柄採用！コミュニケーション特化型の方 大募集 ！,https://www.wantedly.com/projects/552171
キャリアデビュー大歓迎！ベンチャーの成長環境でWEBエンジニアになろう！,https://www.wantedly.com/projects/561077
2期目に突入！スタートアップ企業で成長しませんか？,https://www.wantedly.com/projects/560665
テクノロジーで日本の医療を変える！自社プロダクトのPythonエンジニア！,https://www.wantedly.com/projects/547743
Pythonで業務効率化！フリーランス/社員募集！,https://www.wantedly.com/projects/539082
基幹システムに関わる社内SE募集！システムの開発・運用等お任せします！,https://www.wantedly.com/projects/543672
エンジニアの視点で、保育業界の課題解決に挑みたいエンジニアWANTED！,https://www.wantedly.com/projects/286696
25万人のペライチユーザーを支えるインフラマネージャーWanted！,https://www.wantedly.com/projects/504800
ポテンシャル重視！WEBエンジニアとして０から成長したい人をWANTED！,https://www.wantedly.com/projects/521492
第2新卒歓迎！札幌でさらなるキャリアアップをしたいコーダー募集！,https://www.wantedly.com/projects/539357
新規事業も続々！多角的に自社ECサイトを手がけるフルスタックエンジニア募集,https://www.wantedly.com/projects/480980
圧倒成長をここで！０からベンチャーでWEBエンジニアを目指したい人を募集！,https://www.wantedly.com/projects/536888
空いた時間でエンジニア講師しませんか？フリーランス大歓迎,https://www.wantedly.com/projects/458088
ミレニアル女性の熱狂を作り出す！設計の意思決定を担うリードエンジニア募集！,https://www.wantedly.com/projects/560254
AIを利用した広告プラットフォームに携わるエンジニア Wanted！,https://www.wantedly.com/projects/322337
本気で自分を成長させたいエンジニアインターン大募集！,https://www.wantedly.com/projects/467036
AIチャットボット開発｜新鋭スタートアップでAI分野に挑戦しませんか？,https://www.wantedly.com/projects/495941
少数精鋭のスタートアップで新規事業開発！D2C事業の開発を担うエンジニア,https://www.wantedly.com/projects/502704
Webエンジニアとして一緒に成長できる方を募集！,https://www.wantedly.com/projects/543693
自社プロダクトの設計開発保守をお任せ！iOSエンジニア募集,https://www.wantedly.com/projects/503408
市場規模は30兆円！依頼者とプロをつなげる自社サービスの開発をしませんか？,https://www.wantedly.com/projects/435963
マイクロサービス化を進行中！アドテク開発を支えるサーバーサイドエンジニア,https://www.wantedly.com/projects/495945
イチからWEBエンジニアとして活躍したい未来のエンジニアに出会いたい！,https://www.wantedly.com/projects/452279
アクロスは、新人のあなたを早く環境に馴染めるよう全力でサポートします！,https://www.wantedly.com/projects/164640
０からサーバーサイドエンジニアとして知識・スキルを身につけてみませんか,https://www.wantedly.com/projects/485330
最先端技術で世の中を豊かに！　AI/ロボ領域のソフトウェアエンジニア募集！,https://www.wantedly.com/projects/536565
Webエンジニアになりたい！エンジニアのキャリアを僕らが叶えます！,https://www.wantedly.com/projects/422885
札幌でモダンWeb開発！U・Iターン大歓迎！,https://www.wantedly.com/projects/363309
本気で自分を成長させたいエンジニアインターン大募集！,https://www.wantedly.com/projects/564954
10000回の試行錯誤を経て、唯一無二のシステムを。,https://www.wantedly.com/projects/538278
初心者でも大丈夫！開発エンジニアとして活躍したい方募集！,https://www.wantedly.com/projects/353191
知識・経験がなくても１から研修を通して立派なエンジニアに成長したい人を募集,https://www.wantedly.com/projects/464878
０からWEBエンジニアとして活躍したい未来のエンジニアをWANTED！,https://www.wantedly.com/projects/510801
福岡支社スタートアップメンバーをWanted！Web面接可,https://www.wantedly.com/projects/484453
急成長するマネーフォワードの社内インフラを支えるコーポレートエンジニア募集,https://www.wantedly.com/projects/253855
経験者募集♪自社プロダクト開発エンジニア！一緒に地方を活性化させましょう！,https://www.wantedly.com/projects/562675
第二新卒歓迎！実務を通してフロントエンド開発に挑戦したいエンジニア募集,https://www.wantedly.com/projects/551440
コロナに負けずにこれから必要とされるものを一緒に作りませんか？SE募集,https://www.wantedly.com/projects/462148
独学の方必見！2021年本格始動の新規事業！開発部門をお任せします！,https://www.wantedly.com/projects/566097
完全ポテンシャル採用！独学中の駆け出しエンジニアWANTED！,https://www.wantedly.com/projects/414391
この不安な時代に安心できるスキルを！0からエンジニアを目指しませんか？,https://www.wantedly.com/projects/562744
知識・経験がなくてもエンジニアに！？安心のプログラミング研修付き！,https://www.wantedly.com/projects/563441
本当に使えるITスキルで、会社と一緒に大きく成長したいエンジニアを募集！！,https://www.wantedly.com/projects/481306
新規事業の立ち上げに関わりたいWebエンジニア募集！,https://www.wantedly.com/projects/465074
エンジニアになりたくて就職したのに…と今の環境にモヤモヤしているあなたへ,https://www.wantedly.com/projects/419326
フリーランス歓迎！人生のハンドルを自ら握るスマホアプリエンジニア募集！,https://www.wantedly.com/projects/562572
エンジニアオープンポジション！ 新しいおやつ体験の実現したい方,https://www.wantedly.com/projects/434939
第二新卒歓迎！ポテンシャル採用！0からWEBエンジニアになりたい方を募集！,https://www.wantedly.com/projects/543185
キャリアチェンジ歓迎！WEBエンジニアデビューを全力でサポートします。,https://www.wantedly.com/projects/560436
人柄重視！０から教育を通して一人前のWEBエンジニアを目指したい人を募集！,https://www.wantedly.com/projects/528101
JavaScriptから始めるエンジニア生活。３ヶ月みっちり教えます。,https://www.wantedly.com/projects/502395
ソーシャルベンチャーの自社サービスをグロースさせたいエンジニア募集！,https://www.wantedly.com/projects/559175
スタートアップで組織作りも自己成長も！挑戦心溢れるエンジニアWanted！,https://www.wantedly.com/projects/354323
エンジニアと言う仕事をしながらオタク活動してみませんか？,https://www.wantedly.com/projects/174744
知識ゼロでも大丈夫。WEBエンジニアに挑戦したい人WANTED!!,https://www.wantedly.com/projects/506114
神田・秋葉原にてスタートアップの成長へ関わって頂けるWebエンジニア募集！,https://www.wantedly.com/projects/491842
サーバーエンジニア募集！　ゼロからでもやる気のある方大歓迎！,https://www.wantedly.com/projects/560566
患者様を支える医療現場、を支える自社プロダクト！Pythonエンジニア！,https://www.wantedly.com/projects/555620
１からスキルと知識を身に付けWEBエンジニアとしてデビューしてみませんか？,https://www.wantedly.com/projects/561072
php+各種FWでシステム開発！フリーランス/社員募集！,https://www.wantedly.com/projects/560420
完全ポテンシャル採用。WEBエンジニアとして０から活躍したい人を募集！,https://www.wantedly.com/projects/561083
社内の裁量が大きい環境で働きませんか？基幹システムの運用・保守などお任せ！,https://www.wantedly.com/projects/556567
第二新卒 | プログラミングスキルを磨きたい自社サービスのエンジニアを募集,https://www.wantedly.com/projects/481786
０からITベンチャーでWEBエンジニアのキャリアを目指したい人を募集！,https://www.wantedly.com/projects/540836
ポテンシャル採用！０からWEBエンジニアとしてのキャリアをスタートしない？,https://www.wantedly.com/projects/557134
フリーランス歓迎！札幌で自由に働きたいWebエンジニア募集！,https://www.wantedly.com/projects/517180
新プロジェクト続々！ないものはつくる、フロントエンドエンジニアを大募集！,https://www.wantedly.com/projects/546517
お持ちのスキルを存分に発揮してください！Web制作チームメンバーを募集！,https://www.wantedly.com/projects/552960
デザインもコーディングも！マルチに活躍できるWebデザイナーを目指す！,https://www.wantedly.com/projects/433045
本気で自分を成長させたいエンジニアインターン大募集！,https://www.wantedly.com/projects/467031
個人開発が大好き&設計をさらに学びたい、PHP/Javaエンジニア募集！,https://www.wantedly.com/projects/489063
AI分野に挑戦したい！チャットツールの開発エンジニア募集！,https://www.wantedly.com/projects/474273
少数精鋭チーム！SHElikesまたは新規サービスを手がけるエンジニア募集,https://www.wantedly.com/projects/526928
CTO募集！組織作りから技術リードを担当してくるコアメンバーを募集,https://www.wantedly.com/projects/332033
アドテクベンチャーでのプラットフォーム開発！Goエンジニアを募集！,https://www.wantedly.com/projects/508714
超優秀なエンジニア陣と一緒にマッチングプラットフォームの開発しませんか？,https://www.wantedly.com/projects/445042
ITエンジニアの可能性を実感できる環境！だからがんばれる！,https://www.wantedly.com/projects/169991
０からサーバーサイドエンジニアとして知識・スキルを身につけてみませんか？,https://www.wantedly.com/projects/449226
少数精鋭チームの新規事業！エンジニア兼ディレクターに挑戦したい方を大募集,https://www.wantedly.com/projects/555222
調達約10億円のベンチャーでAIシステムのQAエンジニアリングに挑戦！,https://www.wantedly.com/projects/519643
AI/IoT/ロボ領域　最新技術に囲まれて働ける！　ソフトエンジニア募集！,https://www.wantedly.com/projects/540253
アパレルECサイト開発のフロントエンドエンジニアWanted！,https://www.wantedly.com/projects/276189
文理不問｜スキルを伸ばして将来安定して活躍したい方をWANTED！,https://www.wantedly.com/projects/565574
営業経験×エンジニアスキルで広がる未来！エンジニアへの転職を叶えます！,https://www.wantedly.com/projects/564758
大阪からDXを先導する。関西のDXを進めるフルスタックエンジニア募集！,https://www.wantedly.com/projects/541047
知識、経験ゼロでも1から研修を通してサービスを手がけるエンジニアに成長！,https://www.wantedly.com/projects/321937
WEBサービス開発に挑戦！スキルアップを目指すフロントエンドエンジニア,https://www.wantedly.com/projects/233370
急成長！Webエンジニア養成スクールをさらに成長させるグロースハッカー募集,https://www.wantedly.com/projects/485857
完全ポテンシャル採用。０からWEBエンジニアとして活躍したい人を募集！,https://www.wantedly.com/projects/561114
話題のKotlinでAndroidアプリ開発がしたい！エンジニア募集中！,https://www.wantedly.com/projects/394350
エンジニア志望の方大歓迎！新規自社サービスのフロントエンジニアを大募集,https://www.wantedly.com/projects/561309
独学・初心者OK！あなたの情熱を魅せてください！プログラマーを募集してます,https://www.wantedly.com/projects/547450
０からカリキュラムを通してWEBエンジニアのキャリアに挑戦したい方を募集！,https://www.wantedly.com/projects/508404
切磋琢磨しながらWEBエンジニアとして０からデビューしませんか？,https://www.wantedly.com/projects/561876
まきますか？まきませんか？エンジニアになりませんか？　WEBエンジニア募集,https://www.wantedly.com/projects/105775
介護業界をグロースさせる新サービスを一緒に作りたいエンジニアを募集！,https://www.wantedly.com/projects/471612
ソーシャルベンチャーの自社サービスをグロースさせたいエンジニア募集！,https://www.wantedly.com/projects/562197
最高の顧客体験を実現させたいCREエンジニア募集,https://www.wantedly.com/projects/434850
大阪採用　大阪でエンジニアを目指される方大歓迎！,https://www.wantedly.com/projects/549686
やってみたい。その気持ちがあればOK！駆け出しエンジニア募集中！,https://www.wantedly.com/projects/563604
0からWebエンジニアを目指しませんか？スキルを身につけたい方WANTED,https://www.wantedly.com/projects/559390
スタートアップ企業で社内開発の成長へ関わって頂けるWebエンジニア募集！,https://www.wantedly.com/projects/485409
Dart／Flutterでスマホアプリ作成！フリーランス/社員募集！,https://www.wantedly.com/projects/565070
ゼロからプログラミングを学びWEBエンジニアになりたい方を大募集〜！,https://www.wantedly.com/projects/485362
デザインからプログラミングまでフルスタックにできるWebデザイナーに挑戦！,https://www.wantedly.com/projects/407880
札幌で実現する新しい働き方！フロントエンドエンジニア,https://www.wantedly.com/projects/517215
本気でWEBエンジニアを目指している方、募集中！０から実践を交えて学べます,https://www.wantedly.com/projects/544650
社内SEとしてシステムの運用・保守をお任せします！人の役に立ちたい方募集！,https://www.wantedly.com/projects/541168
AIエンジニア｜今までの経験を活かして新領域へ。AI開発に挑戦しませんか？,https://www.wantedly.com/projects/490640
０からデビュー大歓迎！ベンチャーの成長環境でWEBエンジニアになろう！,https://www.wantedly.com/projects/536873
即戦力募集｜クラウドインフラエンジニアとしてROBONで試してみませんか？,https://www.wantedly.com/projects/469674
本気で自分を成長させたいエンジニアインターン大募集！,https://www.wantedly.com/projects/449784
大量アクセスを捌く！スケーラブルなインフラ設計構築を手がけるエンジニア募集,https://www.wantedly.com/projects/546528
SEO対策・デザインなど実務経験のある方！Web制作チームのメンバー募集！,https://www.wantedly.com/projects/557291
知識不要の医療×tech！型破りベンチャーの3D CADエンジニア募集！,https://www.wantedly.com/projects/530522
SHEのカルチャーを作る！新規事業の設計開発などを担うサービスエンジニア,https://www.wantedly.com/projects/537980
市場にインパクトを！保育業界の課題解決に挑みたいエンジニア募集！,https://www.wantedly.com/projects/331991
裁量大きな環境！Goでの自社プロダクト開発を担うサーバーサイドエンジニア,https://www.wantedly.com/projects/522791
経験がなくても、システムエンジニアとしてバリバリやりたい人！WANTED！,https://www.wantedly.com/projects/239614
スタートアップで組織創りも自己成長も！挑戦心溢れるエンジニアWanted!,https://www.wantedly.com/projects/301166
エンジニアを目指したい方！新規事業の開発・ディレクションをお任せします！,https://www.wantedly.com/projects/558050
ローカルサービス従事者の集客を支援し、地方の活性化を促進するサービスです！,https://www.wantedly.com/projects/439370
０から研修を通しPHPエンジニアとして知識・スキルを身につけてみませんか？,https://www.wantedly.com/projects/498197
ネクストユニコーン候補のAIベンチャー！AIエンジニア候補を募集！,https://www.wantedly.com/projects/519637
最先端技術を世に送り出す立役者！　AI/ロボ系ソフトウェアエンジニア募集！,https://www.wantedly.com/projects/532685
大阪勤務！スポーツ大好きなJavaエンジニアをWanted！！,https://www.wantedly.com/projects/428490
独学でも構いません！福岡で採用、教育します。フルスタックエンジニア募集！,https://www.wantedly.com/projects/548632
スキルを身につけて手に職つけませんか？Webエンジニア志望をWANTED！,https://www.wantedly.com/projects/556955
知識・経験がなくてもエンジニアに！？安心のプログラミング研修付き！,https://www.wantedly.com/projects/565150
テクノロジーの力で新たなものづくりを。Pythonエンジニアを募集,https://www.wantedly.com/projects/238441
知識、経験ゼロでも1から研修を通してサービスを手がけるエンジニアに成長！,https://www.wantedly.com/projects/426023
エンジニア志望の方、大歓迎！新規事業の開発を担当していただきます！,https://www.wantedly.com/projects/561860
得意な分野の幅を広げてスキルアップを目指す！サーバーサイドエンジニア募集！,https://www.wantedly.com/projects/381939
自作ゲーム大好きオタクをWANTED!モバイルエンジニア募集！,https://www.wantedly.com/projects/107684
介護業界を変えたい！介護業界の新サービスを０から作りたいエンジニアを募集！,https://www.wantedly.com/projects/475186
ポテンシャル採用！０からWEBエンジニアとしてキャリアを築きませんか？,https://www.wantedly.com/projects/493027
味覚の領域にチャレンジしたい機械学習エンジニア募集,https://www.wantedly.com/projects/434909
知名度上昇中！問い合わせ前月比200％のスクールで自社開発&講師を募集！,https://www.wantedly.com/projects/493274
０からWEBエンジニアとしてのキャリアに挑戦したい方をWANTED！,https://www.wantedly.com/projects/516840
ソーシャルベンチャーの自社サービスをグロースさせたいエンジニア募集！,https://www.wantedly.com/projects/555273
成長意欲のある人募集！ゼロから一緒にWEBエンジニアを目指そう。,https://www.wantedly.com/projects/558419
初心者OK！意識も技術もプロになろう！あなたのI'minを待ってます！,https://www.wantedly.com/projects/540450
ネットワークエンジニア募集！　ゼロからでもやる気のある方大歓迎！,https://www.wantedly.com/projects/565291
少人数制の研修実施中！スキルを身につけてWebエンジニアになりたい方募集！,https://www.wantedly.com/projects/559676
WEBマーケが得意なWEBエンジニアを育成しています。完全ポテンシャル採用,https://www.wantedly.com/projects/539863
基礎からプログラミングを学びWEBエンジニアになりたい方を大募集〜！,https://www.wantedly.com/projects/496037
教育カリキュラムを通して最短３ヶ月でエンジニアに！成長意欲を重視して採用！,https://www.wantedly.com/projects/408934
Javaでシステム開発！フリーランス/社員募集！,https://www.wantedly.com/projects/562947
札幌で技術を磨きたいフロントエンドエンジニア募集！,https://www.wantedly.com/projects/539302
目指すはフルスタック！スキルを爆上げして０から成長したいエンジニアを募集！,https://www.wantedly.com/projects/557332
神田・秋葉原スタートアップ企業の成長へ関わって頂けるWebエンジニア募集！,https://www.wantedly.com/projects/504747
AIチャットボット開発｜エンジニア経験を活かし、AI分野に挑戦しませんか？,https://www.wantedly.com/projects/505635
本気で自分を成長させたいエンジニアインターン大募集！,https://www.wantedly.com/projects/457638
ないものはつくる！新プロジェクトで思いっきり開発したいエンジニアを大募集！,https://www.wantedly.com/projects/524819
受講生は累計2万人！SHEで設計の意思決定を担うリードエンジニアを募集！,https://www.wantedly.com/projects/547354
ポテンシャル採用！０からWEBエンジニアとしてのキャリアをスタートしない？,https://www.wantedly.com/projects/552174
社内SEとしてスキルアップしませんか？自社システムの管理・運用をお任せ！！,https://www.wantedly.com/projects/536713
即戦力募集｜フロントエンドエンジニアとして、ROBONで試してみませんか？,https://www.wantedly.com/projects/469621
顧客への価値提供を追求！広告配信プラットフォームを進化させるGoエンジニア,https://www.wantedly.com/projects/491930
保育業界をテクノロジーで改革！RubyエンジニアWANTED！！,https://www.wantedly.com/projects/338019
一生モノのスキルを手にできる！目指せフルスタックエンジニア！,https://www.wantedly.com/projects/73573
自社開発のコアポジション！テクノロジーで人を救うPythonエンジニア！,https://www.wantedly.com/projects/541632
未経験からエンジニアにジョブチェンジしたい第二新卒Wanted！,https://www.wantedly.com/projects/80095
札幌で採用、教育します。独学でOKです。Webエンジニアになりたい方募集！,https://www.wantedly.com/projects/542955
スキルを身につけて手に職つけませんか？エンジニア志望をWANTED！,https://www.wantedly.com/projects/553967
アートディレクションからデザインまで、幅広くスキルアップしたいデザイナー,https://www.wantedly.com/projects/352367
将来はチームでサービス開発！フルスタックエンジニア募集！,https://www.wantedly.com/projects/385717
ITベンチャー企業でハイレベルな仲間と爆速で成長したいエンジニアを大募集！,https://www.wantedly.com/projects/353468
オタクなアナタ大歓迎！iOS/Androidスマートフォンエンジニア募集！,https://www.wantedly.com/projects/48725
webスクールで得た経験と知識を使って、エンジニアに転職してみませんか？,https://www.wantedly.com/projects/549771
独学の方、大歓迎！あなたのアイディアを活かして新規事業の開発をしませんか？,https://www.wantedly.com/projects/562325
人柄重視採用！０からキャリアを築いてWEBエンジニアを目指したい人を募集！,https://www.wantedly.com/projects/500420
WEBエンジニアになろう！周りより早く成長したい初心者エンジニアを募集！,https://www.wantedly.com/projects/555379
０からWEBエンジニアとしてのキャリアに挑戦したい方をWANTED！,https://www.wantedly.com/projects/561118
知識や実務経験がなくてもWEBエンジニアに。人物重視の採用です。,https://www.wantedly.com/projects/548971
ソーシャルベンチャーの自社サービスをグロースさせたいエンジニア募集！,https://www.wantedly.com/projects/543643
フリーランス・起業家を目指す方へ。将来エンジニアとして独立しませんか？,https://www.wantedly.com/projects/548367
自由な働き方が可能！教えることが好きなプログラミング講師募集中。,https://www.wantedly.com/projects/464643
初心者からプログラマーになりたい方必見！必要なスキルをしっかり研修します！,https://www.wantedly.com/projects/484323
流行りのVue.jsを書ける人！フリーランス/社員募集！,https://www.wantedly.com/projects/561555
現役エンジニアが研修を担当しています！Webエンジニアになりたい方募集！,https://www.wantedly.com/projects/562701
札幌UIターン！コーディング×Webデザイン！幅広いスキルを磨きたい方！,https://www.wantedly.com/projects/540354
本気で自分を成長させたいエンジニアインターン大募集！,https://www.wantedly.com/projects/458767
AIチャットボットのスタートアップがグロースエンジニアを募集中！,https://www.wantedly.com/projects/403627
ポテンシャル重視！０から学んで一人前のWEBエンジニアになりたい方を募集！,https://www.wantedly.com/projects/502747
SHEの拡大フェーズで開発を強化！設計の意思決定を担うリードエンジニア募集,https://www.wantedly.com/projects/552686
ポテンシャル採用！自ら勉強してWebエンジニアを目指している方大募集！,https://www.wantedly.com/projects/530439
日本を制し海外展開も！少数精鋭のチームで開発を牽引するリードエンジニア！,https://www.wantedly.com/projects/500781
完全ポテンシャル採用。WEBエンジニアとして０から活躍したい人を募集！,https://www.wantedly.com/projects/552196
スタートアップ企業の受託開発をグロースさせるWebエンジニア募集！,https://www.wantedly.com/projects/474703
即戦力募集｜エンジニアとしての実力、ROBONで試してみませんか？,https://www.wantedly.com/projects/481767
アドテクのサーバーサイド開発！顧客への価値提供を追求したいエンジニア募集,https://www.wantedly.com/projects/522794
アクロスは、入社後３ヵ月間全員にメンターが二人つくので安心です！,https://www.wantedly.com/projects/166116
現場に活かせる実践型Webエンジニア養成スクールのエンジニア講師募集！,https://www.wantedly.com/projects/489128
コアメンバーとして、事業開発の力も身に着けたいエンジニア歓迎WANTED！,https://www.wantedly.com/projects/338018
名古屋勤務！スポーツ好きなJavaエンジニアをWanted！！,https://www.wantedly.com/projects/428491
福岡で採用、教育します。独学でOKです。Webエンジニアになりたい方募集！,https://www.wantedly.com/projects/558341
独学から実践へステップアップしたい、フロントエンドエンジニアを歓迎します！,https://www.wantedly.com/projects/386278
Web面談受付中！独学中の駆け出しエンジニアをWANTED！,https://www.wantedly.com/projects/280344
オタク、今すぐにゲーム機の電源を入れるんだ！WEBエンジニア募集！,https://www.wantedly.com/projects/106466
実務経験がなくても1から教育を通してサービスを創るエンジニアになりたい！,https://www.wantedly.com/projects/466169
webスクールで得た経験と知識を使って、エンジニアに転職してみませんか？,https://www.wantedly.com/projects/557653
設立3年のスタートアップ！少数精鋭のチームで新規事業開発をお任せします！,https://www.wantedly.com/projects/558053
ゼロから実践を通じスキルを身につけてWEBエンジニアになりたい人を募集！,https://www.wantedly.com/projects/477229
ゼロスタートでWEBエンジニアに。成長できる環境があります。,https://www.wantedly.com/projects/558971
ソーシャルベンチャーの自社サービスをグロースさせたいエンジニア募集！,https://www.wantedly.com/projects/550339
会社と一緒に成長していきたいガッツあふれるエンジニアを募集します！,https://www.wantedly.com/projects/494848
JavaでAndroidアプリ開発！フリーランス/社員募集！,https://www.wantedly.com/projects/541661
手厚い研修でスキルを身につけませんか？Webエンジニア志望WANTED！,https://www.wantedly.com/projects/556394
必要なのは意欲と挑戦心！三方良しを目指す会社でデビューしたいエンジニア募集,https://www.wantedly.com/projects/535536
札幌に住みたい/働きたいWebエンジニア！東京の仕事を札幌でしませんか？,https://www.wantedly.com/projects/540355
本気で自分を成長させたいエンジニアインターン大募集！,https://www.wantedly.com/projects/449288
ゼロからプログラミングを学んでWEBエンジニアになりたい初心者を大募集〜！,https://www.wantedly.com/projects/550142
チャットボット開発｜AI分野に挑戦したいエンジニアWANTED！,https://www.wantedly.com/projects/531640
SHEの全体を俯瞰するポジション！設計の意思決定を担うリードエンジニア募集,https://www.wantedly.com/projects/537973
目指すはカッコイイバックエンドエンジニア！０から学んで始めてみない？,https://www.wantedly.com/projects/536878
教育体制に自信あり！人柄採用！０からエンジニアキャリアを築きませんか？,https://www.wantedly.com/projects/537274
キャリアチェンジしよう！WEBエンジニアとして０から活躍したい人を募集！,https://www.wantedly.com/projects/549105
秋葉原でスタートアップ！創業期を盛り上げるWebエンジニア募集！,https://www.wantedly.com/projects/433564
即戦力募集！フルスタックエンジニアとして、ROBONで試してみませんか？,https://www.wantedly.com/projects/469683
新プロジェクト続々！ないものはつくる！思いっきり開発したいエンジニアを募集,https://www.wantedly.com/projects/505751
全国で募集中！プログラミングが得意な方、講師デビューしませんか？初心者OK,https://www.wantedly.com/projects/470402
０からWEBエンジニアとしてのキャリアに挑戦したい方をWANTED！,https://www.wantedly.com/projects/431858
アドテクベンチャーのサーバーサイド開発！顧客と向き合うエンジニア募集,https://www.wantedly.com/projects/473260
バーベキューなど社内イベントがたくさんあるので、全社員との交流ができます！,https://www.wantedly.com/projects/159343
Unityエンジニアを目指す人Wanted!!　ポテンシャル採用,https://www.wantedly.com/projects/314707
福岡で採用、教育します。独学でOKです。Webエンジニアになりたい方募集！,https://www.wantedly.com/projects/542788
バックエンド開発に挑戦！スタートアップで成長したいエンジニアを募集,https://www.wantedly.com/projects/540415
今の時代だからこそIT業界へ！エンジニアとしてリスタートしませんか？,https://www.wantedly.com/projects/550765
WEB関連の開発＆WEBシステムエンジニア募集,https://www.wantedly.com/projects/48726
知識・経験がなくてもエンジニアに！？安心のプログラミング研修付き！,https://www.wantedly.com/projects/561956
少数精鋭のチームで新規事業開発！エンジニアを目指したい方を大募集！,https://www.wantedly.com/projects/564499
ソーシャルベンチャーの自社サービスをグロースさせたいエンジニア募集！,https://www.wantedly.com/projects/529410
ITベンチャー企業で経験ゼロからWEBエンジニアを目指そう！スキルは不問！,https://www.wantedly.com/projects/555380
札幌で東京と変わらない仕事と待遇！新天地で挑戦したいWebエンジニア募集！,https://www.wantedly.com/projects/538373
スタートアップベンチャーでPHPエンジニアに挑戦したい方募集,https://www.wantedly.com/projects/512117
本気で自分を成長させたいエンジニアインターン大募集！,https://www.wantedly.com/projects/447830
C#を使ってシステム開発！フリーランス/社員募集！,https://www.wantedly.com/projects/557967
AIエンジニア｜チャットツールの開発エンジニア募集！,https://www.wantedly.com/projects/486182
Webエンジニアとして新たにキャリアをスタートさせたい方WANTED！,https://www.wantedly.com/projects/556396
０からWEBエンジニアとして成長していきたい初心者エンジニアをWANTED,https://www.wantedly.com/projects/557136
ミレニアル女性の熱狂を生み出す！SHEをさらに進化させるリードエンジニア！,https://www.wantedly.com/projects/547356
即戦力募集｜バックエンドエンジニアとして、ROBONで試してみませんか？,https://www.wantedly.com/projects/469654
誰もやらないこと、しかやらない。新プロジェクトに関わるエンジニアを大募集！,https://www.wantedly.com/projects/524823
デザイン・コーディング／フルスタックに成長！Webデザイナーをwanted,https://www.wantedly.com/projects/378410
アイミンでエンジニアデビューしませんか？研修もしっかりあります！,https://www.wantedly.com/projects/495946
急成長中のIT企業で０から技術を学んで成長したいエンジニアを大募集！,https://www.wantedly.com/projects/383623
生涯活かせるスキルで安定して働こう。WEBエンジニアに挑戦したい方を募集！,https://www.wantedly.com/projects/526287
０からエンジニアのキャリアに挑戦したい方をWANTED！,https://www.wantedly.com/projects/409493
秋葉原で社内開発！受託開発をグロースさせるエンジニア募集,https://www.wantedly.com/projects/453661
ポテンシャル重視！０から学んでフロントエンジニアになりたい方を募集！,https://www.wantedly.com/projects/513810
次世代広告サービスで、顧客の課題解決を目指す！サーバーサイドエンジニア募集,https://www.wantedly.com/projects/495950
最先端を先駆けてトレンドを掴むWebデザイナーをWanted！！,https://www.wantedly.com/projects/347311
全国募集！4月入社歓迎です。独学からフルスタックWEBエンジニアに！,https://www.wantedly.com/projects/549960
Webサービス好きな若手歓迎！独学からステップアップしたいエンジニアを募集,https://www.wantedly.com/projects/373837
やったことない。こそ大歓迎！現役エンジニアのメンターが実践ベースで教えます,https://www.wantedly.com/projects/495220
問おう。貴方がエンジニアか？スマートフォンエンジニア募集！,https://www.wantedly.com/projects/105795
webスクールで得た経験と知識を使って、エンジニアに転職してみませんか？,https://www.wantedly.com/projects/562642
ソーシャルベンチャーの自社サービスをグロースさせたいエンジニア募集！,https://www.wantedly.com/projects/536502
本気で自分を成長させたいエンジニアインターン大募集！,https://www.wantedly.com/projects/447914
アイディアを活かして開発したい！新規事業の開発を担うエンジニアを大募集！,https://www.wantedly.com/projects/559384
React.jsでサービス開発！フリーランス/社員募集！,https://www.wantedly.com/projects/536442
教育も実践もどちらも欲しい人へ！WEBエンジニアとして爆速で成長できます！,https://www.wantedly.com/projects/543741
スタートアップがAIチャットボットのグロースエンジニアを大募集！,https://www.wantedly.com/projects/462761
SHEの第二創業期！開発のコアメンバーとして活躍するサービスエンジニア！,https://www.wantedly.com/projects/552671
０からWEBエンジニアとしてのキャリアに挑戦したい方をWANTED！,https://www.wantedly.com/projects/534438
１から知識とスキルをみにつけてWEBエンジニアを目指したい人を募集！,https://www.wantedly.com/projects/444243
好きを仕事に！スキルを生かしたエンジニア講師になりませんか？,https://www.wantedly.com/projects/467426
思い描くキャリアプランを実現させて一緒にステップアップしていきませんか？,https://www.wantedly.com/projects/495377
イチからWEBエンジニアのキャリアに挑戦したい方と出会いたい！,https://www.wantedly.com/projects/443019
スタートアップ企業でハイレベルな仲間と急成長したいエンジニア募集！,https://www.wantedly.com/projects/343236
知識、経験は不要です！Webエンジニアになりたい方大募集！,https://www.wantedly.com/projects/555307
ベンチャー企業でやりたいを実現！経験ゼロからフルスタックエンジニアになろう,https://www.wantedly.com/projects/530820
人柄重視採用！WEBエンジニアとして０から成長したい人を大募集！,https://www.wantedly.com/projects/530400
社内開発を0からグロースさせるWebエンジニア募集！,https://www.wantedly.com/projects/469524
インフラ経験者大歓迎！フルスタックとして挑戦したいエンジニアを大募集！,https://www.wantedly.com/projects/510195
未経験でもセンスと努力でエンジニアになりたい学生～第二新卒Wanted！,https://www.wantedly.com/projects/87728
全国募集！独学エンジニア大歓迎！フルスタックエンジニアになりましょう。,https://www.wantedly.com/projects/558356
デザインや実装にこだわり、新たな表現を追求するReactエンジニアを募集！,https://www.wantedly.com/projects/217892
文理不問｜スキルを伸ばして将来安定して活躍したい方をWANTED！,https://www.wantedly.com/projects/564880
知識・経験がなくてもエンジニアに！？安心のプログラミング研修付き！,https://www.wantedly.com/projects/559273
オタクと称されるWEBエンジニアになりませんか？,https://www.wantedly.com/projects/178343
ソーシャルスタートアップの自社サービスをグロースさせたいエンジニア募集！,https://www.wantedly.com/projects/517019
本気で自分を成長させたいエンジニアインターン大募集！,https://www.wantedly.com/projects/456376
AIエンジニア志望｜今までのエンジニア経験を活かしてAI開発しませんか？,https://www.wantedly.com/projects/468188
急成長中スタートアップ企業で自由な働きを！フリーランスエンジニア募集！,https://www.wantedly.com/projects/551312
ポテンシャル採用！０からWEBエンジニアとしてのキャリアをスタートしない？,https://www.wantedly.com/projects/504425
累計2万人が受講！オンライン学習コミュニティSHEのエンジニア募集！,https://www.wantedly.com/projects/505920
介護×ITで業界に変革を起こす新サービスを作りたいエンジニアを募集,https://www.wantedly.com/projects/463747
フリーランスエンジニア必見！好きな時間にプログラミング講師しませんか。,https://www.wantedly.com/projects/462509
経験0からエンジニアへ！JavaScript・PHPを現場レベルで教えます,https://www.wantedly.com/projects/491177
０からカリキュラムを通してWEBエンジニアのキャリアに挑戦したい方を募集！,https://www.wantedly.com/projects/437184
エンジニアになりたい方！Carryzが０から立派なエンジニアに育てます！,https://www.wantedly.com/projects/340326
やる気を重視！０から研修で学んでWEBエンジニアを目指したい人を募集！,https://www.wantedly.com/projects/515675
主役は自分自身。ゼロからWEBエンジニアとしてデビューしたい人集まれ！,https://www.wantedly.com/projects/530403
ないものはつくる！新プロジェクトで思いっきり開発したいエンジニア仲間大募集,https://www.wantedly.com/projects/510202
異業種からでも目指せる！エンジニアとして０からスタートしたい人を大募集！,https://www.wantedly.com/projects/501655
創業5年目ベンチャーのJavaエンジニア！リーダー候補Wanted!!,https://www.wantedly.com/projects/137993
全国募集！4月入社可！独学大歓迎！フルスタックエンジニアになりましょう。,https://www.wantedly.com/projects/552098
実践経験を積みたい第二新卒歓迎！新たなサービス開発を担うWebエンジニア,https://www.wantedly.com/projects/442629
やったことない。こそ大歓迎！現役エンジニアのメンターが実践ベースで教えます,https://www.wantedly.com/projects/561933
会社でアニメをスクリーン上映会！？ アニメオタクをWebデザイナーに！,https://www.wantedly.com/projects/106664
知識・経験がなくてもエンジニアに！？安心のプログラミング研修付き！,https://www.wantedly.com/projects/546823
本気で自分を成長させたいエンジニアインターン大募集！,https://www.wantedly.com/projects/450474
ソーシャルベンチャーの自社サービスをグロースさせたいエンジニア募集！,https://www.wantedly.com/projects/532966
新進気鋭にAIチャットボットスタートアップがグロースエンジニアを積極募集！,https://www.wantedly.com/projects/442371
KotlinでAndroidアプリ開発！フリーランス/社員募集！,https://www.wantedly.com/projects/555204
SHEのカルチャーを作る！SHElikes／新規事業のエンジニアを大募集！,https://www.wantedly.com/projects/526927
独学に限界を感じている方、一緒にエンジニアのキャリアを目指しませんか？,https://www.wantedly.com/projects/455198
現場レベルのスキルを身につけて会社を背負うエンジニアを目指しませんか？,https://www.wantedly.com/projects/505000
人柄重視採用！０からWEBエンジニアとして新しいキャリアを始めませんか？,https://www.wantedly.com/projects/526747
０からスキル・経験を身につけてWEBエンジニアになりたい方いませんか？,https://www.wantedly.com/projects/446910
ITベンチャーでハイレベルな仲間と0からエンジニアを目指したい人を大募集！,https://www.wantedly.com/projects/363488
人柄採用！最短３ヶ月でエンジニアにキャリアチェンジ！営業担当は僕！,https://www.wantedly.com/projects/405175
ポテンシャル重視！０から学んでWEBエンジニアとして成長したい人を募集！,https://www.wantedly.com/projects/522697
本気でWEBエンジニアを目指している方、募集中！０から実践を交えて学べます,https://www.wantedly.com/projects/532064
あなたの作りたいを世に出すjavaScriptエンジニアWanted!!,https://www.wantedly.com/projects/284006
自社サービス開発＆クライアントワークを支えるサーバーサイドエンジニアを募集,https://www.wantedly.com/projects/522190
今の時代だからこそIT業界へ！エンジニアとしてリスタートしませんか？,https://www.wantedly.com/projects/549308
名古屋から中部地方をデジタル化！地元DXを進めるフルスタッエンジニア募集！,https://www.wantedly.com/projects/558331
まったく、オタクは最高だぜ！　同人活動家なエンジニア募集,https://www.wantedly.com/projects/120867
知識・経験がなくてもエンジニアに！？安心のプログラミング研修付き！,https://www.wantedly.com/projects/538148
本気で自分を成長させたいエンジニアインターン大募集！,https://www.wantedly.com/projects/456922
AIエンジニア志望｜今までのエンジニア経験を活かしてAI開発しませんか？,https://www.wantedly.com/projects/447534
SwiftでiOSアプリ開発！フリーランス/社員募集！,https://www.wantedly.com/projects/548781
ソーシャルベンチャーの自社サービスをグロースさせたいエンジニア募集！,https://www.wantedly.com/projects/521996
０からWEBエンジニアとして知識とスキルを身につけたい人を募集！,https://www.wantedly.com/projects/448267
育成を得意とする弊社で、エンジニアデビューしませんか？,https://www.wantedly.com/projects/486614
スタートアップ企業で経験０からフルスタックエンジニアになりたい人を募集！,https://www.wantedly.com/projects/520460
０から学べる環境で圧倒的に成長したいエンジニアをWANTED！,https://www.wantedly.com/projects/439416
スタートアップ企業でハイレベルな仲間と急成長したいエンジニア募集！,https://www.wantedly.com/projects/396567
プログラミングからデザインまで！働きながらWEBデザイナーが目指せる,https://www.wantedly.com/projects/392480
研修でゼロからプログラミングを学びWEBエンジニアになりたい方を大募集〜！,https://www.wantedly.com/projects/528117
オンラインスクールを運営！SHElikes及び新規事業のエンジニアを大募集,https://www.wantedly.com/projects/523029
Pythonの女神Wanted！独学で頑張ってる方来てください！！,https://www.wantedly.com/projects/162737
Python開発に挑戦！新たな技術を使いたいサーバーサイドエンジニアを募集,https://www.wantedly.com/projects/253314
仙台から東北地方をデジタル化します！仙台ラボ立ち上げ、DXエンジニア募集！,https://www.wantedly.com/projects/540497
文理不問｜スキルを伸ばして将来安定して活躍したい方をWANTED！,https://www.wantedly.com/projects/556958
オタクを生き甲斐としているエンジニア募集！,https://www.wantedly.com/projects/115582
本気で自分を成長させたいエンジニアインターン大募集！,https://www.wantedly.com/projects/458220
知識・経験がなくてもエンジニアに！？安心のプログラミング研修付き！,https://www.wantedly.com/projects/557019
今までの開発経験を活かして、AIチャットボットのグロースに挑戦しませんか？,https://www.wantedly.com/projects/456728
経験がなくてもエンジニアになれます！アイミンで夢を実現しませんか。,https://www.wantedly.com/projects/503093
イチからWEBエンジニアとして活躍したい未来のエンジニアをWANTED！！,https://www.wantedly.com/projects/510578
ITスキルゼロから成長していきたいWEBエンジニアをWANTEDE！,https://www.wantedly.com/projects/475183
ソーシャルベンチャーの自社サービスをグロースさせたいエンジニア募集！,https://www.wantedly.com/projects/508280
急成長ITベンチャー企業で０からRPAの技術を学びたいエンジニアを大募集！,https://www.wantedly.com/projects/370351
流行りのVue.jsを書ける人！フリーランス/社員募集！,https://www.wantedly.com/projects/540197
ポテンシャル採用！エンジニアのとしてのスタートダッシュを一緒に始めよう！,https://www.wantedly.com/projects/422884
ポテンシャル採用！カリキュラムを通して３か月でWebサイトが作れる！,https://www.wantedly.com/projects/402645
０からITベンチャーの下でWEBエンジニアとして爆速成長したい人を大募集！,https://www.wantedly.com/projects/544665
独学で頑張っている人来て下さい！インフラエンジニアWanted！！,https://www.wantedly.com/projects/337193
実務経験をつんでスキルアップしたい、フロントエンドエンジニアを募集！,https://www.wantedly.com/projects/225716
札幌で採用、教育します。独学でOKです。Webエンジニアになりたい方募集！,https://www.wantedly.com/projects/558337
スキルを身につけて手に職つけませんか？Webエンジニア志望をWANTED！,https://www.wantedly.com/projects/565572
俺が！俺たちがエンジニアだ！！WEBエンジニア募集！,https://www.wantedly.com/projects/106106
知識・経験がなくてもエンジニアに！？安心のプログラミング研修付き！,https://www.wantedly.com/projects/554548
本気で自分を成長させたいエンジニアインターン大募集！,https://www.wantedly.com/projects/450302
AIエンジニア｜エンジニア経験を活かしてAIチャットボット開発しませんか？,https://www.wantedly.com/projects/452618
日々勉強の環境に飛び込んで、エンジニアとして成長していきませんか？,https://www.wantedly.com/projects/501837
0から知識とスキルをみにつけてWEBエンジニアを目指したい人を募集！,https://www.wantedly.com/projects/512116
イチからサーバーサイドエンジニアとして知識・スキルを身につけてみませんか？,https://www.wantedly.com/projects/510834
先端技術に興味あり！大きく成長したいシステムエンジニアをWANTED！,https://www.wantedly.com/projects/473893
ソーシャルベンチャーの自社サービスをグロースさせたいエンジニア募集！,https://www.wantedly.com/projects/525779
０から研修を通じてエンジニアのキャリアに挑戦したい方をWANTED！,https://www.wantedly.com/projects/426199
デザインもコーディングも！フルスタックに成長できるWebデザイナー募集,https://www.wantedly.com/projects/361265
RubyonRailsを使った開発ならおまかせ！ルビィストWanted!!,https://www.wantedly.com/projects/130832
経験よりも意欲を重視！Web開発を極めたいフロントエンドエンジニアを募集,https://www.wantedly.com/projects/313444
広島から中国地方をデジタル化します！広島ラボ立ち上げ、DXエンジニア募集！,https://www.wantedly.com/projects/541727
SIerからWeb系へ！キャリアチェンジ希望のエンジニアWANTED！,https://www.wantedly.com/projects/342683
ゲーミング採用開始!! iOS/Android エンジニア募集,https://www.wantedly.com/projects/157076
本気で自分を成長させたいエンジニアインターン大募集！,https://www.wantedly.com/projects/447684
知識・経験がなくてもエンジニアに！？安心のプログラミング研修付き！,https://www.wantedly.com/projects/550741
AI開発｜エンジニア経験を活かしてAIチャットボットをグロースしませんか？,https://www.wantedly.com/projects/450144
風通しの良い会社でプログラマーになる！将来を見据えて働こう！,https://www.wantedly.com/projects/483216
介護に変革を起こそう！介護業界向けの新サービスを作りたいエンジニアを募集！,https://www.wantedly.com/projects/486633
キャリアチェンジ！０からWEBエンジニアとしてのジョブチェンジしよう！,https://www.wantedly.com/projects/534428
急成長中のITベンチャーでハイレベルな仲間と共に成長したいエンジニアを募集,https://www.wantedly.com/projects/349248
ソーシャルベンチャーのwebサービスを成長させたいエンジニア募集！,https://www.wantedly.com/projects/501961
現場で学び、誰よりも成長できる環境でエンジニアを目指したい方を募集！,https://www.wantedly.com/projects/481370
空いた時間にエンジニア講師をしてみませんか？フリーランスで自由な働き方を！,https://www.wantedly.com/projects/410863
Rubyの女神Wanted!!設立5年目ベンチャーでRails開発しよう！,https://www.wantedly.com/projects/155089
川越から埼玉県をデジタル化。地方DXを進めるフルスタックエンジニア募集！,https://www.wantedly.com/projects/541098
分野を広げた開発に挑戦！Webサービスを作るサーバーサイドエンジニアを募集,https://www.wantedly.com/projects/529618
向上心重視！駆け出しNWエンジニアをGizumoが育てます！,https://www.wantedly.com/projects/437025
レアスキルを持つオタクなエンジニア募集！,https://www.wantedly.com/projects/106038
本気で自分を成長させたいエンジニアインターン大募集！,https://www.wantedly.com/projects/450406
情熱重視！夢に向かって努力し続け会社と一緒に成長していける方を募集します！,https://www.wantedly.com/projects/490649
AIチャットボットをグロースに挑戦したいエンジニアをWanted！,https://www.wantedly.com/projects/377672
イチから経験と知識を身につけて最前線で活躍したいWEBエンジニアを募集！,https://www.wantedly.com/projects/448270
営業経験×エンジニアスキルで広がる未来！エンジニアへの転職を叶えます！,https://www.wantedly.com/projects/552181
０からWEBエンジニアとして成長していきたい初心者エンジニアをWANTED,https://www.wantedly.com/projects/523065
ITベンチャー企業で０からRPA技術を学んで成長したいエンジニアを大募集！,https://www.wantedly.com/projects/376409
創業期のソーシャルベンチャーで開発をしたいエンジニア募集！,https://www.wantedly.com/projects/497587
完全ポテンシャル採用！WEBエンジニアとしてキャリアチェンジしたい人を募集,https://www.wantedly.com/projects/499587
Rubyの女神Wanted!!Railsを使って開発しよう！,https://www.wantedly.com/projects/165451
佐賀で育てます。独学でOKです。Webエンジニアになりたい方募集！,https://www.wantedly.com/projects/543061
7期目突入！成長中のITベンチャーがエンジニア志望をWANTED！,https://www.wantedly.com/projects/546817
オタクだけを募集している会社で、WEBデザイナーを募集している様です！,https://www.wantedly.com/projects/108671
東大発急成長メディアを支えるWEBエンジニア大募集！,https://www.wantedly.com/projects/442736
完全ポテンシャル採用！フロントエンドエンジニアになりたい若手を募集,https://www.wantedly.com/projects/263289
スキルを磨いて働きたい方、人に教えるのが好きな方を募集します！,https://www.wantedly.com/projects/485474
AIエンジニア｜AIチャットボットのグロースに挑戦するエンジニアを募集！,https://www.wantedly.com/projects/499100
0から研修で知識とスキルをみにつけてWEBエンジニアを目指したい人を募集！,https://www.wantedly.com/projects/489137
営業経験×エンジニアスキルで広がる未来！エンジニアへの転職を叶えます！,https://www.wantedly.com/projects/548382
ポテンシャル採用！スキル０から教育を通じWEBエンジニアとして成長できる！,https://www.wantedly.com/projects/515506
ソーシャルスタートアップのwebサービスをグロースしたいエンジニア募集！,https://www.wantedly.com/projects/513390
Pythonの女神Wanted！実務未経験でもポテンシャル採用します！,https://www.wantedly.com/projects/152000
湘南から神奈川県をデジタル化。地方DXを進めるフルスタックエンジニア募集！,https://www.wantedly.com/projects/541481
スキルを身につけて手に職つけませんか？Webエンジニア志望をWANTED！,https://www.wantedly.com/projects/558157
ゲームオタク兼サーバ・ネットワーク エンジニア募集！,https://www.wantedly.com/projects/105778
起業を志すあなた！半年後に独立するために最強のマーケターへ成長しませんか,https://www.wantedly.com/projects/445229
新たなWebサービスを開発したい、サーバーサイドエンジニアを募集！,https://www.wantedly.com/projects/294781
SaaSモデルのスタートアップでAIチャットツールを開発しませんか？,https://www.wantedly.com/projects/409128
一緒に成長していける仲間を募集します！,https://www.wantedly.com/projects/490141
０から急成長したいあなたへ！スキルを学んでWEBエンジニアを目指さない？,https://www.wantedly.com/projects/460178
知識・経験がなくてもエンジニアに！？安心のプログラミング研修付き！,https://www.wantedly.com/projects/549270
０からのデビュー大歓迎！ベンチャーで爆速成長するWEBエンジニアになろう！,https://www.wantedly.com/projects/544655
発想力を存分に発揮したい！C系エンジニアをWanted!!,https://www.wantedly.com/projects/433015
名古屋で柔軟な働き方、東京水準の技術力を身に付けられるWebエンジニア募集,https://www.wantedly.com/projects/539630
猛烈なオタク仲間と一緒に働きませんか？オタク系サーバエンジニア募集！,https://www.wantedly.com/projects/105790
オンライン面談受付中！5Gを支えるNWエンジニア志望をWANTED！,https://www.wantedly.com/projects/565575
多様なサービスの拡大に携わり、技術を磨きたいフロントエンドエンジニア募集,https://www.wantedly.com/projects/442824
スタートアップで、会社と一緒に成長したいサーバーサイドエンジニア,https://www.wantedly.com/projects/150500
チャットボット開発のスタートアップエンジニアになってみませんか？,https://www.wantedly.com/projects/385050
現場レベルの研修で、あなたの本気をサポートしていきます！,https://www.wantedly.com/projects/481630
スキルゼロから成長していきたいWEBエンジニアをWANTEDE！,https://www.wantedly.com/projects/471605
知識・経験がなくてもエンジニアに！？安心のプログラミング研修付き！,https://www.wantedly.com/projects/545251
設立5年目に突入！！急成長企業で活躍するJavaエンジニア募集！,https://www.wantedly.com/projects/100356
札幌から北海道をデジタル化、技術を追求するDXフルスタックエンジニア募集！,https://www.wantedly.com/projects/558329
私が、私達がオタクです　WEBエンジニア募集！,https://www.wantedly.com/projects/106845
スキルを身につけて手に職つけませんか？エンジニア志望をWANTED！,https://www.wantedly.com/projects/553186
東大生と一緒にWEB開発しませんか？,https://www.wantedly.com/projects/445819
新たな技術を身につけたい若手歓迎！フロントエンドエンジニアを募集,https://www.wantedly.com/projects/298771
Webエンジニアの経験を活かしてAIサービスの開発しませんか？,https://www.wantedly.com/projects/423518
技術をしっかり身につけたい方！みっちり研修をやってエンジニアになろう！,https://www.wantedly.com/projects/497882
webスクールで得た経験と知識を使って、エンジニアに転職してみませんか？,https://www.wantedly.com/projects/545677
介護変革を起こそう！介護業界向けの新サービスを作りたいエンジニアを募集！,https://www.wantedly.com/projects/468623
Javaに自信のあるリーダーキャラのエンジニアWanted!,https://www.wantedly.com/projects/93792
独学歓迎！札幌で教育します。フルスタックエンジニアになりましょう。,https://www.wantedly.com/projects/548628
俺が、俺たちがオタクだ!!オタクの仲間（とWEBエンジニア）募集！,https://www.wantedly.com/projects/106124
本気で自分を成長させたいエンジニアインターン大募集！,https://www.wantedly.com/projects/445808
ポテンシャル採用 | Webエンジニア志望の方をWANTED！,https://www.wantedly.com/projects/414395
新たな技術を学びたい若手募集！WebサービスをつくるPythonエンジニア,https://www.wantedly.com/projects/282964
AIチャットボット開発｜新鋭スタートアップでAI分野に挑戦しませんか？,https://www.wantedly.com/projects/493423
エンジニア募集！貪欲に稼ぐクリエイターになるための一歩を応援します。,https://www.wantedly.com/projects/481065
知識・経験がなくてもエンジニアに！？安心のプログラミング研修付き！,https://www.wantedly.com/projects/541390
0から知識とスキルをみにつけてWEBエンジニアを目指したい人を募集！,https://www.wantedly.com/projects/486632
エンジニア集団の中で実力を発揮したいPHP開発エンジニアWanted!!,https://www.wantedly.com/projects/154085
ハイスペックなオタクたち！ここはエンジニアが集まるいろはにぽぺと！,https://www.wantedly.com/projects/107630
甲府から山梨県のデジタル化を推進。甲府でDXフルスタックエンジニア募集！,https://www.wantedly.com/projects/541014
本気で自分を成長させたいエンジニアインターン大募集！,https://www.wantedly.com/projects/476972
エンジニアは難しい？諦める前にまずカジュアル面談でお待ちしています！,https://www.wantedly.com/projects/526563
コードを書くことに集中したい！ものづくりに拘るサーバーサイドエンジニア,https://www.wantedly.com/projects/225719
スキルを磨いて必要とされ続ける技術者を目指していきたい方を募集しています。,https://www.wantedly.com/projects/488140
急成長中のチャットツールを一緒に育ててくれるスタートアップエンジニア募集！,https://www.wantedly.com/projects/377675
１から知識とスキルをみにつけてWEBエンジニアを目指したい人を募集！,https://www.wantedly.com/projects/497942
知識・経験がなくてもエンジニアに！？安心のプログラミング研修付き！,https://www.wantedly.com/projects/539606
Rubyの女神Wanted!! Rails使ってガリガリ開発しよう！,https://www.wantedly.com/projects/148847
佐賀で育てます。独学でOKです。Webエンジニアになりたい方募集！,https://www.wantedly.com/projects/558345
eSports採用！？ゲームも仕事もしよう エンジニア募集,https://www.wantedly.com/projects/156937
異業界からWebサービス開発にチャレンジしたい、サーバーサイドエンジニア,https://www.wantedly.com/projects/298769
本気で自分を成長させたいエンジニアインターン大募集！,https://www.wantedly.com/projects/457725
オンライン面談受付中！5Gを支えるNWエンジニア志望をWANTED！,https://www.wantedly.com/projects/456185
会社と一緒に成長していける仲間を募集します！ITデビューも歓迎！,https://www.wantedly.com/projects/501245
AIチャットサービスをグロースさせてくれるエンジニアをWanted！,https://www.wantedly.com/projects/372287
人柄重視採用！０から実践的な教育でWEBエンジニアを目指したい人を募集！,https://www.wantedly.com/projects/507010
知識・経験がなくてもエンジニアに！？安心のプログラミング研修付き！,https://www.wantedly.com/projects/542937
ユーザー目線でゲーム開発ができるUnityエンジニアをWanted！！,https://www.wantedly.com/projects/322633
名古屋から中部地方をデジタル化！地元DXを進めるフルスタッエンジニア募集！,https://www.wantedly.com/projects/542547
我こそは音ゲーマー！いろはにぽぺとに挑む者！モバイルエンジニア募集！,https://www.wantedly.com/projects/105741
独学からのステップアップをサポート！フロントエンドエンジニア希望の若手募集,https://www.wantedly.com/projects/342325
CTO候補求む！本気で独立・成長したい学生大募集,https://www.wantedly.com/projects/437141
文理不問 | 現役エンジニアのメンターがあなたをサポートします！,https://www.wantedly.com/projects/459003
夢を力に！チームの一員として共に成長し、プロとして働く仲間を募集中です！,https://www.wantedly.com/projects/536623
スタートアップでAIチャットツールの開発しませんか？,https://www.wantedly.com/projects/369615
周りよりも早く成長したい！スキルを学んでWEBエンジニアになりたい人を募集,https://www.wantedly.com/projects/462687
営業経験×エンジニアスキルで広がる未来！エンジニアへの転職を叶えます！,https://www.wantedly.com/projects/544712
C系エンジニアWanted！実務未経験でもスキルアップのチャンス,https://www.wantedly.com/projects/100628
佐賀でポテンシャル採用強化中！フルスタックエンジニア育成してます。,https://www.wantedly.com/projects/544701
サバイバルゲームが好きなエンジニア募集！,https://www.wantedly.com/projects/105788
独学の知識を活かしてキャリアチェンジ！フロントエンドエンジニアを募集,https://www.wantedly.com/projects/360115
本気で自分を成長させたいエンジニアインターン大募集！,https://www.wantedly.com/projects/450382
キャリアをしっかり考えて働きたいプログラマーを募集しています。,https://www.wantedly.com/projects/543585
やったことない。こそ大歓迎！現役エンジニアのメンターが実践ベースで教えます,https://www.wantedly.com/projects/511293
自社サービスの開発がしたい！AIチャットボットツールの開発メンバー募集,https://www.wantedly.com/projects/364850
0からスキルと実務経験を積んでWEBエンジニアを目指したい人を募集！,https://www.wantedly.com/projects/457201
営業経験×エンジニアスキルで広がる未来！エンジニアへの転職を叶えます！,https://www.wantedly.com/projects/556108
JavaエンジニアWanted!!一緒に会社を創っていく新メンバー募集,https://www.wantedly.com/projects/91086
札幌から北海道をデジタル化、技術を追求するDXフルスタックエンジニア募集！,https://www.wantedly.com/projects/539472
同人活動も一緒に出来る！Webデザイナー募集！,https://www.wantedly.com/projects/105754
Webサービス開発におけるテックリード！フロントエンドエンジニア募集,https://www.wantedly.com/projects/318641
本気で自分を成長させたいエンジニアインターン大募集！,https://www.wantedly.com/projects/458231
充実の研修で初心者から一人前のプログラマーに！夢への一歩を応援します！,https://www.wantedly.com/projects/477979
誰よりも成長したい！スキルを学ぶ意欲の高いWEBエンジニアを募集,https://www.wantedly.com/projects/468608
自社開発のAIツールをグロースさせてくれるエンジニアをWanted！！,https://www.wantedly.com/projects/393049
知識・経験がなくてもエンジニアに！？安心のプログラミング研修付き！,https://www.wantedly.com/projects/547857
会社と一緒に成長したい！活躍したいエンジニアWanted!!,https://www.wantedly.com/projects/234407
福岡から九州をデジタル化！技術を追及するDXフルスタックエンジニア募集！,https://www.wantedly.com/projects/541037
世界に「OTAKU」を広めたいオタクへ！WEBエンジニア募集！,https://www.wantedly.com/projects/106133
新たにWebGLやReactに挑戦したい、フロントエンドエンジニアを募集！,https://www.wantedly.com/projects/211203
チームの目的を達成するために一緒に行動し続けられる仲間を探しています！,https://www.wantedly.com/projects/491716
知識・経験がなくてもエンジニアに！？安心のプログラミング研修付き！,https://www.wantedly.com/projects/551689
JavaエンジニアWanted!!エンジニア集団の中心で働きませんか？,https://www.wantedly.com/projects/90694
NO OTAKU！ NO ENGINEER！ エンジニア募集！,https://www.wantedly.com/projects/110046
京都から日本をデジタル化します！DXフルスタッエンジニア募集！,https://www.wantedly.com/projects/542307
SlerからWeb業界へキャリアチェンジ！サーバーサイドエンジニアを募集,https://www.wantedly.com/projects/257088
研修しっかりで初心者でも安心スタート！技術を身につけてエンジニアになろう！,https://www.wantedly.com/projects/500836
知識・経験がなくてもエンジニアに！？安心のプログラミング研修付き！,https://www.wantedly.com/projects/555460
Javaは任せろ！エンジニア集団の中核となるリーダー候補Wanted!!,https://www.wantedly.com/projects/89039
オタクにGo!!サインを出すWEBエンジニアを募集します。,https://www.wantedly.com/projects/105799
独学で構いません！佐賀でWEBエンジニアを採用、育成します！,https://www.wantedly.com/projects/548638
コーダーからステップアップ！クリエイター中心の組織で成長したいエンジニア,https://www.wantedly.com/projects/379610
本気でプログラマーを目指している方をサポートします！,https://www.wantedly.com/projects/489596
急成長エンジニア集団の中で更にスキルアップしたいJavaエンジニア募集！,https://www.wantedly.com/projects/104288
創造力が高いオタクでWEBエンジニア募集!!,https://www.wantedly.com/projects/107892
ゼロから育てます！フロントエンドエンジニアへキャリアチェンジしたい第二新卒,https://www.wantedly.com/projects/271585
佐賀で柔軟な働き方、東京水準の技術力を身に付けられるWebエンジニア募集！,https://www.wantedly.com/projects/456272
エンジニアになりたい気持ち重視！経験なしでも研修でスキルが身につきます！,https://www.wantedly.com/projects/486597
人当たりに自信あり！コミュ力の高いエンジニアWanted!!,https://www.wantedly.com/projects/153467
Webサービスを作りたい若手歓迎！サーバーサイドエンジニアを募集,https://www.wantedly.com/projects/265277
自身を持ってオタクと言える会社でWebエンジニア募集！,https://www.wantedly.com/projects/105762
北九州で東京水準の技術力を身に付けられる。北九州ラボ立ち上げメンバー募集！,https://www.wantedly.com/projects/540495
C#は任せろ！エンジニア集団の中核となるC#使いWanted!!,https://www.wantedly.com/projects/306967
ゼロからフロントエンドエンジニアを目指す！キャリアチェンジしたい方を募集,https://www.wantedly.com/projects/243720
「オタク」と言えばいろはにぽぺと！エンジニア募集,https://www.wantedly.com/projects/107129
就業環境充実♪インフラエンジニアとして市場価値を高めませんか？,https://www.wantedly.com/projects/464470
会社と一緒に成長したい！設立5年目ベンチャーでJavaエンジニア募集！,https://www.wantedly.com/projects/203484
Web好き歓迎！とことん好きなことを極めたい、フロントエンドエンジニア,https://www.wantedly.com/projects/303309
ポテンシャル採用！札幌で実務経験を積みたい駆け出しエンジニア大募集！,https://www.wantedly.com/projects/544689
「OTAKU」を世の中に広めるフロントエンドエンジニア募集！,https://www.wantedly.com/projects/160357
Javaエンジニア募集中！目に見えて成長を感じられる会社はココ！,https://www.wantedly.com/projects/90893
社員のほとんどがクリエイターの組織で、ものづくりに集中したい方を募集！,https://www.wantedly.com/projects/269442
全国募集！Workationってご存知ですか？地元が勤務地になります！,https://www.wantedly.com/projects/545394
実力が正当に評価される会社で働きたいJavaエンジニアWanted！,https://www.wantedly.com/projects/106822
オープンポジション募集！実践を通じて技術力を高め、会社と一緒に成長したい方,https://www.wantedly.com/projects/227328
全国募集！独学で身に付けた知識を活かしたいWEBエンジニア、育てます！,https://www.wantedly.com/projects/548967
プロジェクト経験を増やしてスキルアップ！JavaエンジニアWanted!!,https://www.wantedly.com/projects/115534
経験よりポテンシャル重視！Webサービスを作りたいフロントエンドエンジニア,https://www.wantedly.com/projects/278983
年内100名を目指す！急成長企業で活躍したいエンジニアWanted!!,https://www.wantedly.com/projects/230256
チームだからこそ実現できる、こだわりのものづくり。Webエンジニアを募集！,https://www.wantedly.com/projects/418602
設立5年目に突入、社員72名！急成長企業で活躍したいJAVAエンジニア募集,https://www.wantedly.com/projects/110191
ゼロからフロントエンドエンジニアを目指す！実践を通して成長したい方を募集,https://www.wantedly.com/projects/207742
一緒に会社を創っていきたい！急成長企業の主役になるJavaエンジニア募集！,https://www.wantedly.com/projects/153183
未経験歓迎！実践を通してスキルアップする、フロントエンドエンジニア,https://www.wantedly.com/projects/169915
エンジニア集団の中で実力を発揮したいJavaエンジニア募集！,https://www.wantedly.com/projects/91383
オープンポジション募集！テクノロジー×クリエイティブで新たな価値を生み出す,https://www.wantedly.com/projects/183402
Javaエンジニア募集！勤務地東京都内近郊,https://www.wantedly.com/projects/255749
エンジニアやデザイナー・編集など、つくる人が中心の組織で働きたい方を募集！,https://www.wantedly.com/projects/214515
イベントを盛り上げることが好き！パワフルなRubyエンジニアWanted!,https://www.wantedly.com/projects/312786
テクノロジー系オープンポジション！スタートアップの創業メンバーを募集,https://www.wantedly.com/projects/125626
上流工程などステップアップしたいLAMPエンジニアWanted!!,https://www.wantedly.com/projects/335845
ユーザーと共に新たなサービスをつくる！サーバーサイドエンジニアを募集,https://www.wantedly.com/projects/247321
OJTで実務経験を積む！一から様々な知識を学びたいエンジニアWanted！,https://www.wantedly.com/projects/275224
業界をリードする新たなWebサービスを作りたい、フロントエンドエンジニア,https://www.wantedly.com/projects/395887
あなたの 理想 を カタチ にしませんか？C系エンジニアWanted！,https://www.wantedly.com/projects/301312
創業1年のスタートアップでのコアメンバー！サーバーサイドエンジニアを募集,https://www.wantedly.com/projects/215726
CC++C#に自信のある開発エンジニアWanted!!,https://www.wantedly.com/projects/93610
ハイレベルなクリエイターチームとものづくりを担う、フロントエンドエンジニア,https://www.wantedly.com/projects/215735
多くの案件に携わり圧倒的技術力を身に着けたいJavaエンジニアWanted,https://www.wantedly.com/projects/291410
経験よりポテンシャル重視！新たなチャレンジをしたいサーバーサイドエンジニア,https://www.wantedly.com/projects/271586
月イチの懇親会で先輩社員と熱く語れる会社で働きたいエンジニアWanted!,https://www.wantedly.com/projects/287733
経歴ではなく実績重視！実務経験をつみたい独学エンジニアを歓迎します！,https://www.wantedly.com/projects/370878
創業5年目ITベンチャーで活躍してくれるC++エンジニアWanted!!,https://www.wantedly.com/projects/97068
フロントエンドを強みにスキルの幅を広げたい、Webエンジニアを募集！,https://www.wantedly.com/projects/436780
エンジニア集団の中で実力を発揮したい"C系"開発エンジニアWanted!!,https://www.wantedly.com/projects/93232
サービス設計から開発まで担う！Pythonに挑戦したいエンジニア,https://www.wantedly.com/projects/199953
ITベンチャーで自分も一緒に成長していきたいインフラエンジニアWanted,https://www.wantedly.com/projects/304581
幅広い工程に挑戦してスキルアップを目指す、サーバーサイドエンジニアを募集,https://www.wantedly.com/projects/395889
ITベンチャーで会社とともに成長したいC系エンジニアWanted!！,https://www.wantedly.com/projects/311853
未経験歓迎！実践を通してスキルアップする、フロントエンドエンジニア,https://www.wantedly.com/projects/108733
叶えたいことを実現するため経験を積みませんか？C系エンジニアをWanted,https://www.wantedly.com/projects/325726
研修×実践を通してスキルアップ！フロントエンドエンジニアになりたい若手募集,https://www.wantedly.com/projects/376677
新しい技術を積極的に取り入れる会社でスキルを磨きたいエンジニアWanted,https://www.wantedly.com/projects/300756
創業メンバーを募集！クリエイター組織の中心となるフロントエンドエンジニア,https://www.wantedly.com/projects/238440
Rubyは任せろ！エンジニア集団の中核となるリーダー候補Wanted!!,https://www.wantedly.com/projects/291089
クリエイター中心の組織で、ものづくりに集中したい！フロントエンドエンジニア,https://www.wantedly.com/projects/242163
C#に自信があるリーダーキャラのエンジニアWanted!!,https://www.wantedly.com/projects/331918
Reactで幅広いサービスづくりに携わる、フロントエンドエンジニアを募集！,https://www.wantedly.com/projects/206992
会社を創っていくのは自分だ！という意気込みのエンジニアWanted!!,https://www.wantedly.com/projects/157918
社員のほとんどがクリエイター！ものづくりに拘る方をオープンポジションで募集,https://www.wantedly.com/projects/205090
若い会社でどんどんアイデアを出し、活躍したいエンジニアWanted!!,https://www.wantedly.com/projects/270153
WEBエンジニアにキャリアチェンジしたい、第二新卒を募集！,https://www.wantedly.com/projects/231484
設立5年目に突入！！急成長企業で活躍するC++エンジニア募集！,https://www.wantedly.com/projects/100148
Reactで新たなユーザー体験を作る、フロントエンドエンジニアを募集！,https://www.wantedly.com/projects/253317
エンジニア率98％の会社で様々な言語に触れたいエンジニアWanted!!,https://www.wantedly.com/projects/277103
大手からベンチャーまで、幅広い領域で経験を積みたいフロントエンドエンジニア,https://www.wantedly.com/projects/203691
縁の下の力持ちになって会社を支えたいインフラエンジニアをWanted！！,https://www.wantedly.com/projects/321823
オープンポジション募集！テクノロジーとクリエイティブで、課題解決に挑む,https://www.wantedly.com/projects/236757
急成長中のITベンチャーでひとつ上を目指すRubyエンジニアWanted!,https://www.wantedly.com/projects/274415
つくる人が中心の組織で、新たなサービスづくりを担う！オープンポジション募集,https://www.wantedly.com/projects/240214
令和の時代に新たなチャレンジをしたいRubyエンジニアWanted!!,https://www.wantedly.com/projects/308002
創業メンバー募集！スタートアップの成長を加速させるサーバーサイドエンジニア,https://www.wantedly.com/projects/242164
インフラ周りお任せあれ！インフラの講師Wanted!!,https://www.wantedly.com/projects/256982
異業界からの転職歓迎！ゼロからチャレンジするフロントエンドエンジニア,https://www.wantedly.com/projects/261065
開発経験を存分に活かしたいJavaエンジニアWanted！！,https://www.wantedly.com/projects/243184
人物重視採用！実践を通して成長したい、サーバーサイドエンジニアの卵を募集,https://www.wantedly.com/projects/305618
プライベートも仕事も充実させたい！そんなC系エンジニアWanted!!,https://www.wantedly.com/projects/286175
スタートアップのサービス設計を担うテクノロジー職を、幅広く募集します！,https://www.wantedly.com/projects/195024
縁の下の力持ちとしてもっと評価されたい！インフラエンジニア募集！,https://www.wantedly.com/projects/80618
人物重視採用！ゼロから実践を通して成長したい、フロントエンドエンジニア,https://www.wantedly.com/projects/336893
設立5年目に突入！！急成長企業で活躍するインフラエンジニア募集！,https://www.wantedly.com/projects/99440
独学中の初心者歓迎！実務経験を積みたいフロントエンドエンジニアを募集,https://www.wantedly.com/projects/328925
自身のスキルアップについて相談できる環境で働きたいエンジニアWanted！,https://www.wantedly.com/projects/290094
スタートアップで、会社と一緒に成長したいフロントエンドエンジニア,https://www.wantedly.com/projects/142577
令和の時代にインフラエンジニアとして活躍したい人Wanted!!,https://www.wantedly.com/projects/314299
技術を学びたい若手歓迎！フロントエンドエンジニアの卵を募集,https://www.wantedly.com/projects/352365
インフラエンジニアWanted!!一緒に会社を創っていく新メンバー募集,https://www.wantedly.com/projects/97267
チームで新たなものづくりを追求する、Webエンジニアを募集！,https://www.wantedly.com/projects/424922
新規事業提案など、チャンスのある会社で働きたいエンジニアWanted!!,https://www.wantedly.com/projects/285298
オープンポジション募集！技術を活かして、デジタル領域の課題解決に挑む,https://www.wantedly.com/projects/292391
飲みニケーションで熱く語りたいJavaエンジニアWanted!!,https://www.wantedly.com/projects/281247
経験は問いません！フロントエンドエンジニアデビューを目指す、若手募集,https://www.wantedly.com/projects/282965
世の中の仕事を支える業務系アプリ開発がしたいC#エンジニアをWanted!,https://www.wantedly.com/projects/279324
経験よりも意欲を重視！Web好きなフロントエンドエンジニアを募集,https://www.wantedly.com/projects/287324
独学で身につけた技術を実務で活かしたいインフラエンジニアWanted!!,https://www.wantedly.com/projects/288641
知識を活かして新たなステップへ！実践でスキルを磨くフロントエンドエンジニア,https://www.wantedly.com/projects/294785
理解の足りない会社はもういや…そんなインフラエンジニアWanted！,https://www.wantedly.com/projects/82267
スタートアップでゼロから新しい価値を生み出す、フロントエンドエンジニア,https://www.wantedly.com/projects/247320
インフラエンジニアにステップアップしたい人Wanted!！！,https://www.wantedly.com/projects/317378
Slerでの経験を活かしてWebサービスを作る！フロントエンドエンジニア,https://www.wantedly.com/projects/257086
まずはあなたのエンジニアとしての夢を聞かせて下さい！,https://www.wantedly.com/projects/290536
会社の中心となるクリエイティブチームを拡大！まずオフィス見学に来ませんか？,https://www.wantedly.com/projects/229600
疲れたらオフィスで整体が受けられる！！RubyエンジニアをWanted!!,https://www.wantedly.com/projects/325207
社員のほとんどがクリエイター！開発に集中したいPythonエンジニアを募集,https://www.wantedly.com/projects/217888
カードRPG開発がしたいRubyエンジニアをWanted!!,https://www.wantedly.com/projects/319562
一緒に会社を創っていきたいインフラエンジニアWanted!!,https://www.wantedly.com/projects/281806
生活に身近なものを作りたいRubyエンジニアをWanted!!,https://www.wantedly.com/projects/318359
現在社員72名、目指せ100人！SE募集,https://www.wantedly.com/projects/86157
アイデアをカタチにしたい！RubyエンジニアWanted!!,https://www.wantedly.com/projects/281613
様々な技術者がいる環境で切磋琢磨し技術の向上を目指すエンジニア募集！,https://www.wantedly.com/projects/298117
独学で身につけた技術を発揮し活躍したいRubyエンジニアWanted!!,https://www.wantedly.com/projects/301606
自分もユーザーもわくわくするプロジェクトに取り組みたいエンジニア募集！,https://www.wantedly.com/projects/80655
生活が便利になるシステムを作りたい組込系エンジニアWanted！,https://www.wantedly.com/projects/320472
一緒に会社を創っていきたい"C系"開発エンジニアWanted!!,https://www.wantedly.com/projects/92132
コミュ力が高くて開発経験があるC++エンジニアWanted!!,https://www.wantedly.com/projects/102415
これからの最先端を創っていくRubyエンジニアWanted！！,https://www.wantedly.com/projects/332919
男女差が最も少ないと言われるエンジニア職、今なら未経験でも教育します！,https://www.wantedly.com/projects/80802
Webアプリ開発のPythonエンジニアWanted!!,https://www.wantedly.com/projects/292759
Pythonでガンガン開発したいエンジニアをWanted！！,https://www.wantedly.com/projects/343962
学歴不問・実力が正当に評価される会社で働きたいエンジニアWanted！,https://www.wantedly.com/projects/87507
インフラエンジニア募集！勤務地東京都内近郊,https://www.wantedly.com/projects/263682
急成長企業で活躍したいAWSエンジニア募集！,https://www.wantedly.com/projects/108803
毎月飲み会したいお酒好きのAWSエンジニアWanted!!,https://www.wantedly.com/projects/113065
インフラ設計・構築・運用・全部やってみたいエンジニア募集！,https://www.wantedly.com/projects/80282
ポテンシャル採用！組み込みエンジニアを目指す人Wanted！,https://www.wantedly.com/projects/300275
ディープラーニング分野への転職！！pythonエンジニアWanted！！,https://www.wantedly.com/projects/324755
Pythonの時代が来た！パイソニスタWanted!!／他言語から転向歓迎,https://www.wantedly.com/projects/120583
一緒にゲームを作りたい！C++、UnityプログラマーWanted!!,https://www.wantedly.com/projects/90148
人工知能、データ解析…未来に技術を役立てたい！Pythonエンジニア募集！,https://www.wantedly.com/projects/270413
IoT組込開発メンバーWanted！,https://www.wantedly.com/projects/249867
経験値を上げてレベルアップしていきたいエンジニアWanted！,https://www.wantedly.com/projects/85871
圧倒的技術力を身につけ時代を先駆けるPHPエンジニアWanted！！,https://www.wantedly.com/projects/338006
開発経験を存分に発揮したいRubyエンジニアWanted!!,https://www.wantedly.com/projects/277677
あなたもエンジニア界の女神に！？新規メンバーWanted!,https://www.wantedly.com/projects/82249
男女差が最も少ないと言われるエンジニア職、Pythonの女神Wanted！,https://www.wantedly.com/projects/173045
大阪勤務！Pythonでガンガン開発したいエンジニアをWanted！！,https://www.wantedly.com/projects/356037
Pythonスキルを更に向上させて時代を先駆ける！パイソニスタWanted,https://www.wantedly.com/projects/127816
英会話eラーニングのシステム構築！PHPエンジニアWanted！＠表参道,https://www.wantedly.com/projects/89943
PHPer募集！オンライン英会話スクールのシステム構築！,https://www.wantedly.com/projects/89569
未来のエンジニアを育てたい！Javaの講師Wanted!!,https://www.wantedly.com/projects/182862
教えて先生！Javaエンジニアを育てたいJavaエンジニアWanted!!,https://www.wantedly.com/projects/186381
やりたいことを今実現しませんか？PythonエンジニアWanted!!,https://www.wantedly.com/projects/307420
Pythonも覚えたい！他言語から転向したいエンジニアWanted!!,https://www.wantedly.com/projects/142880
スマホゲーム開発経験者Wanted！MMORPGを一緒に作りたい！,https://www.wantedly.com/projects/88141
一緒にゲームを作りたい！MMORPG開発経験者Wanted！,https://www.wantedly.com/projects/85498
スマホゲーム開発経験者Wanted！MMORPG作ります！,https://www.wantedly.com/projects/86382
MMORPGを開発したいC++エンジニアWanted！,https://www.wantedly.com/projects/85048
教えて先生！VB.NETエンジニアを育てる講師Wanted!!,https://www.wantedly.com/projects/183504
車載システムの組込開発メンバーWanted!!,https://www.wantedly.com/projects/249864
これからの最先端を創っていくPythonエンジニアWanted!!,https://www.wantedly.com/projects/282085
ブロックチェーンなど最新技術に触れたいpythonエンジニアwanted！,https://www.wantedly.com/projects/319002
イベントを盛り上げることが好き！パワフルなPythonエンジニア募集！,https://www.wantedly.com/projects/302636
PHPは任せろ！エンジニア集団の中核となるPHPerをWanted!!,https://www.wantedly.com/projects/303099
PJ経験を増やしてスキルアップ！PythonエンジニアWanted!!,https://www.wantedly.com/projects/267996
自分のアイデアを形に！Pythonエンジニアを目指す人Wanted!!,https://www.wantedly.com/projects/151704
教えて先生！VB.NETを普及したいエンジニア講師Wanted!!,https://www.wantedly.com/projects/187832
おしゃれな街で働きたい！PythonエンジニアWanted!!,https://www.wantedly.com/projects/232664
他言語出身ウェルカム！Pythonで頑張りたいエンジニアWanted!!,https://www.wantedly.com/projects/195257
他言語出身Welcome！Pythonに転向したいエンジニアWanted！,https://www.wantedly.com/projects/180597
未経験だけどエンジニアとして成長したい人Wanted！,https://www.wantedly.com/projects/81574
未経験からエンジニアを目指す！学生～第二新卒Wanted！,https://www.wantedly.com/projects/86628
Pythonは任せろ！エンジニア集団の中核となるリーダー候補Wanted！,https://www.wantedly.com/projects/295817
令和の時代に新たなチャレンジをしたいPHPエンジニアWanted!!,https://www.wantedly.com/projects/310770
会社だけでなく個人としての夢も応援します！PHPエンジニアWanted!!,https://www.wantedly.com/projects/290795
多くの案件に携わり圧倒的技術力を身に着けたいPython使いWanted！,https://www.wantedly.com/projects/296733
ソーシャルゲームの開発に携わり、活躍したいPHPエンジニアWanted!!,https://www.wantedly.com/projects/322192
多言語出身ウェルカム！Pythonで頑張りたいエンジニアWanted！,https://www.wantedly.com/projects/333865
半年ごとの目標設定で確実にスキルアップしたいPHPエンジニアWanted!,https://www.wantedly.com/projects/316909
実務につながる社内部活動で実践力をつけたいPHPエンジニアWanted！,https://www.wantedly.com/projects/297709
オンライン英会話スクールのシステム構築がしたいPHPer募集！,https://www.wantedly.com/projects/88873
PythonRubyPHPJavaC++エンジニアWanted！,https://www.wantedly.com/projects/134940
今までの経験を活かしたい！開発経験のあるPHPエンジニアWanted!!,https://www.wantedly.com/projects/234085
お酒に強いPHPエンジニア募集！飲み会で開発言語が飛び交う会社です。,https://www.wantedly.com/projects/89228
スキルアップを続け、新しい言語を習得したい開発エンジニアWanted！,https://www.wantedly.com/projects/80278
人と話すことが好きなJavaエンジニアWanted!!,https://www.wantedly.com/projects/102703
出世したい！キャリアアップを目指すインフラエンジニアをWanted！！,https://www.wantedly.com/projects/350620
ニュースサイト開発！JavaエンジニアWanted!!,https://www.wantedly.com/projects/247722
設立5年目に突入し、社員72名！急成長企業で活躍するPHPエンジニア募集！,https://www.wantedly.com/projects/132412
楽しく働きたい！お酒好きなPHPエンジニアWanted!!,https://www.wantedly.com/projects/230244
やりたいことを今実現しませんか？UnityエンジニアWanted!!,https://www.wantedly.com/projects/304123
自らサービスを作り上げ成長できるチャンス！UnityエンジニアWanted,https://www.wantedly.com/projects/327847
広大なフィールドで活躍できる組込系エンジニアをWanted！！,https://www.wantedly.com/projects/326421
カメラシステムの画像認識技術開発！C系エンジニアWanted!!!,https://www.wantedly.com/projects/250149
経験と知識を活かしたい！Javaの講師Wanted!!,https://www.wantedly.com/projects/256517
世の中に本当に必要とされるものを作りたいC#エンジニアWanted!!,https://www.wantedly.com/projects/293253
もっと実力をつけたい！向上心のあるWeb開発エンジニアWanted!!,https://www.wantedly.com/projects/257688
マネジメント経験を活かしたい、PythonエンジニアをWanted！！,https://www.wantedly.com/projects/355601
設立5年目に突入し、社員72名！急成長企業で活躍するC++エンジニア募集！,https://www.wantedly.com/projects/119020
マネジメント志向の意識高い系RubyエンジニアをWanted！！,https://www.wantedly.com/projects/352000
創業5年目ITベンチャーでガンガンいきたいC++エンジニアWanted!!,https://www.wantedly.com/projects/114468
そのデータ入力作業、効率化します！VBAエンジニアWanted!!,https://www.wantedly.com/projects/279504
ビッグデータ解析がしてみたいC系エンジニアWanted！！,https://www.wantedly.com/projects/319980
ワークライフバランスを重視の会社でインフラエンジニアをWanted!!,https://www.wantedly.com/projects/327351
ECサイト構築！PHPエンジニアWanted!!,https://www.wantedly.com/projects/255227
社歴でなく実力で評価される会社で活躍したいJavaエンジニアWanted！,https://www.wantedly.com/projects/286303
PHPは任せろ！エンジニア集団の中核となるリーダー候補Wanted!!,https://www.wantedly.com/projects/123713
お酒を楽しく飲めるエンジニアWanted！,https://www.wantedly.com/projects/81965
動画学習サービスのRubyコースを作ってくれるエンジニアWanted!!,https://www.wantedly.com/projects/86014
Javaの女神募集！社員72名、設立5年目を迎えた急成長ベンチャーはココ！,https://www.wantedly.com/projects/101248
設立5年目に突入し、社員72名！急成長企業で活躍するRails使い募集！,https://www.wantedly.com/projects/122237
毎月飲み会したいお酒好きのJavaエンジニアWanted!!,https://www.wantedly.com/projects/98057
生保システム開発のJavaエンジニア,https://www.wantedly.com/projects/294604
毎月飲み会したいお酒好きのC++エンジニアWanted!!,https://www.wantedly.com/projects/98556
業界経験を活かしキャリアアップを目指すUnityエンジニアをWanted！,https://www.wantedly.com/projects/354929
女性エンジニアからの応募急増中！あなたも一緒にエンジニアになりませんか？,https://www.wantedly.com/projects/81046
ポテンシャル採用！Pythonを使って働きたい人Wanted!!,https://www.wantedly.com/projects/312305
PHPに自信のあるリーダーキャラのエンジニアWanted!,https://www.wantedly.com/projects/282467
Pythonエンジニア募集！勤務地東京都内近郊,https://www.wantedly.com/projects/276601
Pythonエンジニアを目指す人Wanted!!ポテンシャル採用します！,https://www.wantedly.com/projects/274638
Unityのスペシャリストを目指すポテンシャルの高い方Wanted！！,https://www.wantedly.com/projects/348558
PHPスキルを活用して更にキャリアアップ！ペチパーWanted!!,https://www.wantedly.com/projects/151071
PHPエンジニアを目指す人Wanted!!ポテンシャル採用します！,https://www.wantedly.com/projects/272818
WordPressやECサイトが作成できる！PHPエンジニアWanted！,https://www.wantedly.com/projects/328323
飲みニケーションで熱く語りたいRailsエンジニアWanted!!,https://www.wantedly.com/projects/146199
実力が正当に評価される会社で働きたいC++エンジニアWanted!!,https://www.wantedly.com/projects/96048
もっと実力をつけたい！上昇志向のAzureエンジニアをWanted！！,https://www.wantedly.com/projects/338570
ポテンシャル採用！チャレンジ精神のあるRubyエンジニアをWanted！,https://www.wantedly.com/projects/340248
音楽が好きなUnityエンジニアをWanted!!,https://www.wantedly.com/projects/313167
あなたのゲームへの情熱を活かしませんか？UnityエンジニアをWanted,https://www.wantedly.com/projects/329061
お酒に強いC++エンジニア募集！飲み会で開発言語が飛び交う会社です。,https://www.wantedly.com/projects/97479
設立5年目に突入、社員72名！急成長企業で活躍したいC++エンジニア募集！,https://www.wantedly.com/projects/107358
PHPエンジニア募集！勤務地東京都内近郊,https://www.wantedly.com/projects/263683
CC++使いWanted!!一緒に会社を創っていく新メンバー募集,https://www.wantedly.com/projects/94179
クリエイターの生活を支えるCtoC EC BOOTHのディレクター募集！,https://www.wantedly.com/projects/88806
弊社の社風は草食系ですwゆったりとした人たちと働きたい方お話しましょう,https://www.wantedly.com/projects/565509
あなたらしい働き方で成長していきたいiOSエンジニア募集,https://www.wantedly.com/projects/565505
プログラミングかじったことある22卒！それだけで十分です！,https://www.wantedly.com/projects/565504
企画、開発と連携しながら仕事がしたいUIデザイナー募集！,https://www.wantedly.com/projects/565502
一緒に新しい技術や事業貢献に挑戦したいフロントエンジニア募集！,https://www.wantedly.com/projects/565497
人に寄り添うサービスのUIデザイナーとして活躍しませんか？,https://www.wantedly.com/projects/565493
WebデザイナーからUIデザイナーにキャリアアップしたいデザイナー募集！,https://www.wantedly.com/projects/565489
分析、プロデュース、コンサルまで様々な業務ができる企画提案営業募集！,https://www.wantedly.com/projects/565488
デジタルプラットフォームでデザイン力を磨いていきませんか？美大生募集中,https://www.wantedly.com/projects/565486
クリエイターの生活を支えるCtoC EC BOOTHのディレクター募集！,https://www.wantedly.com/projects/88806
弊社の社風は草食系ですwゆったりとした人たちと働きたい方お話しましょう,https://www.wantedly.com/projects/565509
あなたらしい働き方で成長していきたいiOSエンジニア募集,https://www.wantedly.com/projects/565505
プログラミングかじったことある22卒！それだけで十分です！,https://www.wantedly.com/projects/565504
企画、開発と連携しながら仕事がしたいUIデザイナー募集！,https://www.wantedly.com/projects/565502
一緒に新しい技術や事業貢献に挑戦したいフロントエンジニア募集！,https://www.wantedly.com/projects/565497
人に寄り添うサービスのUIデザイナーとして活躍しませんか？,https://www.wantedly.com/projects/565493
WebデザイナーからUIデザイナーにキャリアアップしたいデザイナー募集！,https://www.wantedly.com/projects/565489
分析、プロデュース、コンサルまで様々な業務ができる企画提案営業募集！,https://www.wantedly.com/projects/565488
デジタルプラットフォームでデザイン力を磨いていきませんか？美大生募集中,https://www.wantedly.com/projects/565486
クリエイターの生活を支えるCtoC EC BOOTHのディレクター募集！,https://www.wantedly.com/projects/88806
弊社の社風は草食系ですwゆったりとした人たちと働きたい方お話しましょう,https://www.wantedly.com/projects/565509
あなたらしい働き方で成長していきたいiOSエンジニア募集,https://www.wantedly.com/projects/565505
プログラミングかじったことある22卒！それだけで十分です！,https://www.wantedly.com/projects/565504
企画、開発と連携しながら仕事がしたいUIデザイナー募集！,https://www.wantedly.com/projects/565502
一緒に新しい技術や事業貢献に挑戦したいフロントエンジニア募集！,https://www.wantedly.com/projects/565497
人に寄り添うサービスのUIデザイナーとして活躍しませんか？,https://www.wantedly.com/projects/565493
WebデザイナーからUIデザイナーにキャリアアップしたいデザイナー募集！,https://www.wantedly.com/projects/565489
分析、プロデュース、コンサルまで様々な業務ができる企画提案営業募集！,https://www.wantedly.com/projects/565488
デジタルプラットフォームでデザイン力を磨いていきませんか？美大生募集中,https://www.wantedly.com/projects/565486
クリエイターの生活を支えるCtoC EC BOOTHのディレクター募集！,https://www.wantedly.com/projects/88806
弊社の社風は草食系ですwゆったりとした人たちと働きたい方お話しましょう,https://www.wantedly.com/projects/565509
あなたらしい働き方で成長していきたいiOSエンジニア募集,https://www.wantedly.com/projects/565505
プログラミングかじったことある22卒！それだけで十分です！,https://www.wantedly.com/projects/565504
企画、開発と連携しながら仕事がしたいUIデザイナー募集！,https://www.wantedly.com/projects/565502
一緒に新しい技術や事業貢献に挑戦したいフロントエンジニア募集！,https://www.wantedly.com/projects/565497
人に寄り添うサービスのUIデザイナーとして活躍しませんか？,https://www.wantedly.com/projects/565493
WebデザイナーからUIデザイナーにキャリアアップしたいデザイナー募集！,https://www.wantedly.com/projects/565489
分析、プロデュース、コンサルまで様々な業務ができる企画提案営業募集！,https://www.wantedly.com/projects/565488
デジタルプラットフォームでデザイン力を磨いていきませんか？美大生募集中,https://www.wantedly.com/projects/565486